CNAE2009,TÍTULO_CNAE2009,CNAE2025,TÍTULO_CNAE2025,NIVEL
01,"Agricultura, ganadería, caza y servicios relacionados con las mismas",01,"Agricultura, ganadería, caza y servicios relacionados con las mismas",2
03,Pesca y acuicultura,01,"Agricultura, ganadería, caza y servicios relacionados con las mismas",2
01.1,Cultivos no perennes,01.1,Cultivos no perennes,3
01.2,Cultivos perennes,01.1,Cultivos no perennes,3
01.11,"Cultivo de cereales (excepto arroz), leguminosas y semillas oleaginosas",01.11,"Cultivo de cereales, distintos de arroz, leguminosas y oleaginosas",4
01.12,Cultivo de arroz,01.12,Cultivo de arroz,4
01.13,"Cultivo de hortalizas, raíces y tubérculos",01.13,"Cultivo de hortalizas, raíces y tubérculos",4
01.19,Otros cultivos no perennes,01.13,"Cultivo de hortalizas, raíces y tubérculos",4
01.28,"Cultivo de especias, plantas aromáticas, medicinales y farmacéuticas",01.13,"Cultivo de hortalizas, raíces y tubérculos",4
01.14,Cultivo de caña de azúcar,01.14,Cultivo de caña de azúcar,4
01.15,Cultivo de tabaco,01.15,Cultivo de tabaco,4
01.16,Cultivo de plantas para fibras textiles,01.16,Cultivo de plantas para fibras textiles,4
01.19,Otros cultivos no perennes,01.19,Otros cultivos no perennes,4
01.2,Cultivos perennes,01.2,Cultivos perennes,3
01.21,Cultivo de la vid,01.21,Cultivo de la vid,4
01.22,Cultivo de frutos tropicales y subtropicales,01.22,Cultivo de frutos tropicales y subtropicales,4
01.23,Cultivo de cítricos,01.23,Cultivo de cítricos,4
01.24,Cultivo de frutos con hueso y pepitas,01.24,Cultivo de frutos con hueso y pepitas,4
01.25,Cultivo de otros árboles y arbustos frutales y frutos secos,01.25,Cultivo de otros árboles y arbustos frutales y frutos secos,4
01.26,Cultivo de frutos oleaginosos,01.26,Cultivo de frutos oleaginosos,4
01.27,Cultivo de plantas para bebidas,01.27,Cultivo de plantas para bebidas,4
01.28,"Cultivo de especias, plantas aromáticas, medicinales y farmacéuticas",01.28,"Cultivo de especias, plantas aromáticas, medicinales y farmacéuticas",4
01.29,Otros cultivos perennes,01.29,Otros cultivos perennes,4
01.3,Propagación de plantas,01.3,Propagación de plantas,3
01.30,Propagación de plantas,01.30,Propagación de plantas,4
01.4,Producción ganadera,01.4,Producción ganadera,3
01.6,"Actividades de apoyo a la agricultura, a la ganadería y de preparación posterior a la cosecha",01.4,Producción ganadera,3
03.2,Acuicultura,01.4,Producción ganadera,3
01.41,Explotación de ganado bovino para la producción de leche,01.41,Explotación de ganado bovino para la producción de leche,4
01.42,Explotación de otro ganado bovino y búfalos,01.41,Explotación de ganado bovino para la producción de leche,4
01.42,Explotación de otro ganado bovino y búfalos,01.42,Explotación de otro ganado bovino y búfalos,4
01.43,Explotación de caballos y otros equinos,01.43,Explotación de caballos y otros equinos,4
01.44,Explotación de camellos y otros camélidos,01.44,Explotación de camellos y otros camélidos,4
01.45,Explotación de ganado ovino y caprino,01.45,Explotación de ganado ovino y caprino,4
01.46,Explotación de ganado porcino,01.46,Explotación de ganado porcino,4
01.47,Avicultura,01.47,Avicultura,4
01.49,Otras explotaciones de ganado,01.47,Avicultura,4
01.62,Actividades de apoyo a la ganadería,01.47,Avicultura,4
01.49,Otras explotaciones de ganado,01.48,Otras explotaciones de ganado,4
03.22,Acuicultura en agua dulce,01.48,Otras explotaciones de ganado,4
01.5,Producción agrícola combinada con la producción ganadera,01.5,Producción agrícola combinada con la producción ganadera,3
01.50,Producción agrícola combinada con la producción ganadera,01.50,Producción agrícola combinada con la producción ganadera,4
01.6,"Actividades de apoyo a la agricultura, a la ganadería y de preparación posterior a la cosecha",01.6,"Actividades de apoyo a la agricultura, a la ganadería y de preparación posterior a la cosecha",3
01.61,Actividades de apoyo a la agricultura,01.61,Actividades de apoyo a la agricultura,4
01.62,Actividades de apoyo a la ganadería,01.62,Actividades de apoyo a la ganadería,4
01.63,Actividades de preparación posterior a la cosecha,01.63,Actividades de preparación posterior a la cosecha y tratamiento de semillas para reproducción,4
01.64,Tratamiento de semillas para reproducción,01.63,Actividades de preparación posterior a la cosecha y tratamiento de semillas para reproducción,4
01.7,"Caza, captura de animales y servicios relacionados con las mismas",01.7,"Caza, captura de animales y servicios relacionados ",3
01.70,"Caza, captura de animales y servicios relacionados con las mismas",01.70,"Caza, captura de animales y servicios relacionados ",4
02,Silvicultura y explotación forestal,02,Silvicultura y explotación forestal,2
02.1,Silvicultura y otras actividades forestales,02.1,Silvicultura y otras actividades forestales,3
02.10,Silvicultura y otras actividades forestales,02.10,Silvicultura y otras actividades forestales,4
02.2,Explotación de la madera,02.2,Explotación de la madera,3
02.20,Explotación de la madera,02.20,Explotación de la madera,4
02.3,"Recolección de productos silvestres, excepto madera",02.3,"Recolección de productos silvestres, excepto madera",3
02.30,"Recolección de productos silvestres, excepto madera",02.30,"Recolección de productos silvestres, excepto madera",4
02.4,Servicios de apoyo a la silvicultura,02.4,Servicios de apoyo a la silvicultura,3
02.40,Servicios de apoyo a la silvicultura,02.40,Servicios de apoyo a la silvicultura,4
03,Pesca y acuicultura,03,Pesca y acuicultura,2
33,Reparación e instalación de maquinaria y equipo,03,Pesca y acuicultura,2
03.1,Pesca,03.1,Pesca,3
03.11,Pesca marina,03.11,Pesca marina,4
03.12,Pesca en agua dulce,03.12,Pesca en agua dulce,4
03.2,Acuicultura,03.2,Acuicultura,3
03.21,Acuicultura marina,03.21,Acuicultura marina,4
03.22,Acuicultura en agua dulce,03.22,Acuicultura en agua dulce,4
03.1,Pesca,03.3,Actividades de apoyo a la pesca y la acuicultura,3
03.2,Acuicultura,03.3,Actividades de apoyo a la pesca y la acuicultura,3
33.1,"Reparación de productos metálicos, maquinaria y equipo",03.3,Actividades de apoyo a la pesca y la acuicultura,3
03.11,Pesca marina,03.30,Actividades de apoyo a la pesca y la acuicultura,4
03.12,Pesca en agua dulce,03.30,Actividades de apoyo a la pesca y la acuicultura,4
03.21,Acuicultura marina,03.30,Actividades de apoyo a la pesca y la acuicultura,4
03.22,Acuicultura en agua dulce,03.30,Actividades de apoyo a la pesca y la acuicultura,4
33.11,Reparación de productos metálicos,03.30,Actividades de apoyo a la pesca y la acuicultura,4
05,"Extracción de antracita, hulla y lignito",05,"Extracción de antracita, hulla, y lignito",2
05.1,Extracción de antracita y hulla,05.1,Extracción de antracita y hulla,3
05.10,Extracción de antracita y hulla,05.10,Extracción de antracita y hulla,4
05.2,Extracción de lignito,05.2,Extracción de lignito,3
05.20,Extracción de lignito,05.20,Extracción de lignito,4
06,Extracción de crudo de petróleo y gas natural,06,Extracción de crudo de petróleo y gas natural,2
06.1,Extracción de crudo de petróleo,06.1,Extracción de crudo de petróleo,3
06.10,Extracción de crudo de petróleo,06.10,Extracción de crudo de petróleo,4
06.2,Extracción de gas natural,06.2,Extracción de gas natural,3
06.20,Extracción de gas natural,06.20,Extracción de gas natural,4
07,Extracción de minerales metálicos,07,Extracción de minerales metálicos,2
07.1,Extracción de minerales de hierro,07.1,Extracción de minerales de hierro,3
07.10,Extracción de minerales de hierro,07.10,Extracción de minerales de hierro,4
07.2,Extracción de minerales metálicos no férreos,07.2,Extracción de minerales metálicos no férreos,3
07.21,Extracción de minerales de uranio y torio,07.21,Extracción de minerales de uranio y torio,4
07.29,Extracción de otros minerales metálicos no férreos,07.29,Extracción de otros minerales metálicos no férreos,4
08,Otras industrias extractivas,08,Otras industrias extractivas,2
08.1,"Extracción de piedra, arena y arcilla",08.1,"Extracción de piedra, arena y arcilla",3
08.11,"Extracción de piedra ornamental y para la construcción, piedra caliza, yeso, creta y pizarra",08.11,"Extracción de piedra ornamental, piedra caliza, yeso, pizarra y otras piedras",4
08.12,Extracción de gravas y arenas; extracción de arcilla y caolín,08.12,Extracción de gravas y arenas y extracción de arcilla y caolín,4
08.9,Industrias extractivas n.c.o.p.,08.9,Industrias extractivas n.c.o.p.,3
08.91,Extracción de minerales para productos químicos y fertilizantes,08.91,Extracción de minerales para productos químicos y fertilizantes,4
08.92,Extracción de turba,08.92,Extracción de turba,4
08.93,Extracción de sal,08.93,Extracción de sal,4
08.99,Otras industrias extractivas n.c.o.p.,08.99,Otras industrias extractivas n.c.o.p.,4
09,Actividades de apoyo a las industrias extractivas,09,Actividades de apoyo a las industrias extractivas,2
09.1,Actividades de apoyo a la extracción de petróleo y gas natural,09.1,Actividades de apoyo a la extracción de petróleo y gas natural,3
09.10,Actividades de apoyo a la extracción de petróleo y gas natural,09.10,Actividades de apoyo a la extracción de petróleo y gas natural,4
09.9,Actividades de apoyo a otras industrias extractivas,09.9,Actividades de apoyo a otras industrias extractivas,3
09.90,Actividades de apoyo a otras industrias extractivas,09.90,Actividades de apoyo a otras industrias extractivas,4
10,Industria de la alimentación,10,Industria alimentaria,2
10.1,Procesado y conservación de carne y elaboración de productos cárnicos,10.1,Procesado y conservación de carne y elaboración de productos cárnicos,3
10.11,Procesado y conservación de carne,10.11,"Procesado y conservación de carne, excepto volatería",4
10.12,Procesado y conservación de volatería,10.12,Procesado y conservación de volatería,4
10.13,Elaboración de productos cárnicos y de volatería,10.13,Elaboración de productos cárnicos y de volatería,4
10.2,"Procesado y conservación de pescados, crustáceos y moluscos",10.2,"Procesado y conservación de pescados, crustáceos y moluscos",3
10.21,"Procesado de pescados, crustáceos y moluscos",10.21,"Procesado de pescados, crustáceos y moluscos",4
10.22,Fabricación de conservas de pescado,10.22,Fabricación de conservas de pescado,4
10.3,Procesado y conservación de frutas y hortalizas,10.3,Procesado y conservación de frutas y hortalizas,3
10.31,Procesado y conservación de patatas,10.31,Procesado y conservación de patatas,4
10.32,Elaboración de zumos de frutas y hortalizas,10.32,Elaboración de zumos de frutas y hortalizas,4
10.39,Otro procesado y conservación de frutas y hortalizas,10.39,Otro procesado y conservación de frutas y hortalizas,4
10.4,Fabricación de aceites y grasas vegetales y animales,10.4,Fabricación de aceites y grasas vegetales y animales,3
10.42,Fabricación de margarina y grasas comestibles similares,10.42,Fabricación de margarina y grasas comestibles similares,4
10.43,Fabricación de aceite de oliva,10.43,Fabricación de aceite de oliva,4
10.44,Fabricación de otros aceites y grasas,10.44,Fabricación de otros aceites y grasas,4
10.5,Fabricación de productos lácteos,10.5,Fabricación de productos lácteos y hielo comestible,3
10.52,Elaboración de helados,10.52,Fabricación de helados y otros hielos comestibles,4
10.53,Fabricación de quesos,10.53,Fabricación de quesos,4
10.54,Preparación de leche y otros productos lácteos,10.54,Preparación de leche y otros productos lácteos,4
10.6,"Fabricación de productos de molinería, almidones y productos amiláceos",10.6,"Fabricación de productos de molinería, almidones y productos amiláceos",3
10.8,Fabricación de otros productos alimenticios,10.6,"Fabricación de productos de molinería, almidones y productos amiláceos",3
10.61,Fabricación de productos de molinería,10.61,Fabricación de productos de molinería,4
10.86,Elaboración de preparados alimenticios homogeneizados y alimentos dietéticos,10.61,Fabricación de productos de molinería,4
10.62,Fabricación de almidones y productos amiláceos,10.62,Fabricación de almidones y productos amiláceos,4
10.86,Elaboración de preparados alimenticios homogeneizados y alimentos dietéticos,10.62,Fabricación de almidones y productos amiláceos,4
10.7,Fabricación de productos de panadería y pastas alimenticias,10.7,Fabricación de productos de panadería y pastas alimenticias,3
10.8,Fabricación de otros productos alimenticios,10.7,Fabricación de productos de panadería y pastas alimenticias,3
10.71,Fabricación de pan y de productos frescos de panadería y pastelería,10.71,Fabricación de pan y de productos frescos de panadería y pastelería,4
10.86,Elaboración de preparados alimenticios homogeneizados y alimentos dietéticos,10.71,Fabricación de pan y de productos frescos de panadería y pastelería,4
10.72,Fabricación de galletas y productos de panadería y pastelería de larga duración,10.72,Fabricación de galletas y productos de panadería y pastelería de larga duración,4
10.86,Elaboración de preparados alimenticios homogeneizados y alimentos dietéticos,10.72,Fabricación de galletas y productos de panadería y pastelería de larga duración,4
10.73,"Fabricación de pastas alimenticias, cuscús y productos similares",10.73,Elaboración de pastas alimenticias,4
10.86,Elaboración de preparados alimenticios homogeneizados y alimentos dietéticos,10.73,Elaboración de pastas alimenticias,4
10.8,Fabricación de otros productos alimenticios,10.8,Fabricación de otros productos alimenticios,3
10.81,Fabricación de azúcar,10.81,Fabricación de azúcar,4
10.82,"Fabricación de cacao, chocolate y productos de confitería",10.82,"Fabricación de cacao, chocolate y productos de confitería",4
10.83,"Elaboración de café, té e infusiones",10.83,"Elaboración de café, té e infusiones",4
10.84,"Elaboración de especias, salsas y condimentos",10.84,"Elaboración de especias, salsas y condimentos",4
10.85,Elaboración de platos y comidas preparados,10.85,Elaboración de platos y comidas preparados,4
10.86,Elaboración de preparados alimenticios homogeneizados y alimentos dietéticos,10.86,Elaboración de preparados alimenticios homogeneizados y alimentos dietéticos,4
10.89,Elaboración de otros productos alimenticios n.c.o.p.,10.89,Elaboración de otros productos alimenticios n.c.o.p.,4
10.9,Fabricación de productos para la alimentación animal,10.9,Fabricación de productos para la alimentación animal,3
10.91,Fabricación de productos para la alimentación de animales de granja,10.91,Fabricación de productos para la alimentación de animales de granja,4
10.92,Fabricación de productos para la alimentación de animales de compañía,10.92,Fabricación de productos para la alimentación de animales de compañía,4
10,Industria de la alimentación,11,Fabricación de bebidas,2
11,Fabricación de bebidas,11,Fabricación de bebidas,2
10.8,Fabricación de otros productos alimenticios,11.0,Fabricación de bebidas,3
11.0,Fabricación de bebidas,11.0,Fabricación de bebidas,3
11.01,"Destilación, rectificación y mezcla de bebidas alcohólicas",11.01,"Destilación, rectificación y mezcla de bebidas alcohólicas",4
11.02,Elaboración de vinos,11.02,Elaboración de vinos,4
11.03,Elaboración de sidra y otras bebidas fermentadas a partir de frutas,11.03,Elaboración de sidra y otras bebidas fermentadas a partir de frutas,4
11.04,"Elaboración de otras bebidas no destiladas, procedentes de la fermentación",11.04,"Elaboración de otras bebidas no destiladas, procedentes de la fermentación",4
11.05,Fabricación de cerveza,11.05,Fabricación de cerveza,4
11.06,Fabricación de malta,11.06,Fabricación de malta,4
10.89,Elaboración de otros productos alimenticios n.c.o.p.,11.07,Fabricación de bebidas no alcohólicas y aguas embotelladas,4
11.07,Fabricación de bebidas no alcohólicas; producción de aguas minerales y otras aguas embotelladas,11.07,Fabricación de bebidas no alcohólicas y aguas embotelladas,4
12,Industria del tabaco,12,Industria del tabaco,2
12.0,Industria del tabaco,12.0,Industria del tabaco,3
12.00,Industria del tabaco,12.00,Industria del tabaco,4
13,Industria textil,13,Industria textil,2
18,Artes gráficas y reproducción de soportes grabados,13,Industria textil,2
13.1,Preparación e hilado de fibras textiles,13.1,Preparación e hilado de fibras textiles,3
13.10,Preparación e hilado de fibras textiles,13.10,Preparación e hilado de fibras textiles,4
13.2,Fabricación de tejidos textiles,13.2,Fabricación de tejidos textiles,3
13.20,Fabricación de tejidos textiles,13.20,Fabricación de tejidos textiles,4
13.3,Acabado de textiles,13.3,Acabado de textiles,3
18.1,Artes gráficas y servicios relacionados con las mismas,13.3,Acabado de textiles,3
13.30,Acabado de textiles,13.30,Acabado de textiles,4
18.12,Otras actividades de impresión y artes gráficas,13.30,Acabado de textiles,4
13.2,Fabricación de tejidos textiles,13.9,Fabricación de otros productos textiles,3
13.9,Fabricación de otros productos textiles,13.9,Fabricación de otros productos textiles,3
13.91,Fabricación de tejidos de punto,13.91,Fabricación de tejidos de punto,4
13.92,"Fabricación de artículos confeccionados con textiles, excepto prendas de vestir",13.92,Fabricación de textiles para el hogar y artículos de decoración confeccionados,4
13.93,Fabricación de alfombras y moquetas,13.93,Fabricación de alfombras y moquetas,4
13.94,"Fabricación de cuerdas, cordeles, bramantes y redes",13.94,"Fabricación de cuerdas, cordeles, bramantes y redes",4
13.95,"Fabricación de telas no tejidas y artículos confeccionados con ellas, excepto prendas de vestir",13.95,Fabricación de telas no tejidas y artículos confeccionados con ellas,4
13.20,Fabricación de tejidos textiles,13.96,Fabricación de otros productos textiles de uso técnico e industrial,4
13.92,"Fabricación de artículos confeccionados con textiles, excepto prendas de vestir",13.96,Fabricación de otros productos textiles de uso técnico e industrial,4
13.96,Fabricación de otros productos textiles de uso técnico e industrial,13.96,Fabricación de otros productos textiles de uso técnico e industrial,4
13.99,Fabricación de otros productos textiles n.c.o.p.,13.99,Fabricación de otros productos textiles n.c.o.p.,4
14,Confección de prendas de vestir,14,Confección de prendas de vestir,2
14.1,"Confección de prendas de vestir, excepto de peletería",14.1,Confección de prendas de vestir de punto,3
14.3,Confección de prendas de vestir de punto,14.1,Confección de prendas de vestir de punto,3
14.13,Confección de otras prendas de vestir exteriores,14.10,Confección de prendas de vestir de punto,4
14.14,Confección de ropa interior,14.10,Confección de prendas de vestir de punto,4
14.19,Confección de otras prendas de vestir y accesorios,14.10,Confección de prendas de vestir de punto,4
14.31,Confección de calcetería,14.10,Confección de prendas de vestir de punto,4
14.39,Confección de otras prendas de vestir de punto,14.10,Confección de prendas de vestir de punto,4
14.1,"Confección de prendas de vestir, excepto de peletería",14.2,Confección de otras prendas de vestir y accesorios,3
14.2,Fabricación de artículos de peletería,14.2,Confección de otras prendas de vestir y accesorios,3
14.13,Confección de otras prendas de vestir exteriores,14.21,Confección de prendas de vestir exteriores,4
14.14,Confección de ropa interior,14.21,Confección de prendas de vestir exteriores,4
14.19,Confección de otras prendas de vestir y accesorios,14.21,Confección de prendas de vestir exteriores,4
14.14,Confección de ropa interior,14.22,Confección de ropa interior,4
14.19,Confección de otras prendas de vestir y accesorios,14.22,Confección de ropa interior,4
14.12,Confección de ropa de trabajo,14.23,Confección de ropa de trabajo,4
14.11,Confección de prendas de vestir de cuero,14.24,Confección de prendas de vestir de cuero y peletería,4
14.20,Fabricación de artículos de peletería,14.24,Confección de prendas de vestir de cuero y peletería,4
14.19,Confección de otras prendas de vestir y accesorios,14.29,Confección de otras prendas de vestir y accesorios n.c.o.p.,4
15,Industria del cuero y del calzado,15,Industria del cuero y productos relacionados de otros materiales,2
16,"Industria de la madera y del corcho, excepto muebles; cestería y espartería",15,Industria del cuero y productos relacionados de otros materiales,2
22,Fabricación de productos de caucho y plásticos,15,Industria del cuero y productos relacionados de otros materiales,2
15.1,"Preparación, curtido y acabado del cuero; fabricación de artículos de marroquinería, viaje y de guarnicionería y talabartería; preparación y teñido de pieles",15.1,"Preparación, teñido y curtido de cueros y pieles; fabricación de artículos de marroquinería, viaje y de guarnicionería y talabartería",3
15.11,"Preparación, curtido y acabado del cuero; preparación y teñido de pieles",15.11,"Preparación, curtido y teñido de cueros y pieles",4
15.12,"Fabricación de artículos de marroquinería, viaje y de guarnicionería y talabartería",15.12,"Fabricación de artículos de marroquinería, viaje y de guarnicionería y talabartería de cualquier material",4
15.2,Fabricación de calzado,15.2,Fabricación de calzado,3
16.2,"Fabricación de productos de madera, corcho, cestería y espartería",15.2,Fabricación de calzado,3
22.1,Fabricación de productos de caucho,15.2,Fabricación de calzado,3
22.2,Fabricación de productos de plástico,15.2,Fabricación de calzado,3
15.20,Fabricación de calzado,15.20,Fabricación de calzado,4
16.29,"Fabricación de otros productos de madera; artículos de corcho, cestería y espartería",15.20,Fabricación de calzado,4
22.19,Fabricación de otros productos de caucho,15.20,Fabricación de calzado,4
22.29,Fabricación de otros productos de plástico,15.20,Fabricación de calzado,4
16,"Industria de la madera y del corcho, excepto muebles; cestería y espartería",16,"Industria de la madera y del corcho, excepto muebles; cestería y espartería",2
16.1,Aserrado y cepillado de la madera,16.1,Aserrado y cepillado de la madera; transformación y acabado de la madera,3
16.10,Aserrado y cepillado de la madera,16.11,Aserrado y cepillado de la madera,4
16.10,Aserrado y cepillado de la madera,16.12,Transformación y acabado de la madera,4
16.2,"Fabricación de productos de madera, corcho, cestería y espartería",16.2,"Fabricación de productos de madera, corcho, cestería y espartería",3
16.21,Fabricación de chapas y tableros de madera,16.21,Fabricación de chapas y tableros de madera,4
16.22,Fabricación de suelos de madera ensamblados,16.22,Fabricación de suelos de madera ensamblados,4
16.23,Fabricación de otras estructuras de madera y piezas de carpintería y ebanistería para la construcción,16.23,"Fabricación de otras estructuras de madera y piezas de carpintería y ebanistería para la construcción, excepto las destinadas a construcción industrializada",4
16.24,Fabricación de envases y embalajes de madera,16.24,Fabricación de envases y embalajes de madera,4
16.23,Fabricación de otras estructuras de madera y piezas de carpintería y ebanistería para la construcción,16.25,Fabricación de puertas y ventanas de madera,4
16.29,"Fabricación de otros productos de madera; artículos de corcho, cestería y espartería",16.26,Fabricación de combustibles sólidos a partir de biomasa vegetal,4
16.21,Fabricación de chapas y tableros de madera,16.27,Acabado de productos de madera,4
16.22,Fabricación de suelos de madera ensamblados,16.27,Acabado de productos de madera,4
16.23,Fabricación de otras estructuras de madera y piezas de carpintería y ebanistería para la construcción,16.27,Acabado de productos de madera,4
16.24,Fabricación de envases y embalajes de madera,16.27,Acabado de productos de madera,4
16.29,"Fabricación de otros productos de madera; artículos de corcho, cestería y espartería",16.27,Acabado de productos de madera,4
16.29,"Fabricación de otros productos de madera; artículos de corcho, cestería y espartería",16.28,"Fabricación de otros productos de madera, artículos de corcho, cestería y espartería",4
16.23,Fabricación de otras estructuras de madera y piezas de carpintería y ebanistería para la construcción,16.29,Fabricación de otras estructuras de madera y piezas de carpintería y ebanistería destinadas a la construcción industrializada,4
17,Industria del papel,17,Industria del papel,2
17.1,"Fabricación de pasta papelera, papel y cartón",17.1,"Fabricación de pasta papelera, papel y cartón",3
17.11,Fabricación de pasta papelera,17.11,Fabricación de pasta papelera,4
17.12,Fabricación de papel y cartón,17.12,Fabricación de papel y cartón,4
17.2,Fabricación de artículos de papel y de cartón,17.2,Fabricación de artículos de papel y de cartón,3
17.21,Fabricación de papel y cartón ondulados; fabricación de envases y embalajes de papel y cartón,17.21,Fabricación de papel y cartón ondulados y de envases y embalajes de papel y cartón,4
17.22,"Fabricación de artículos de papel y cartón para uso doméstico, sanitario e higiénico",17.22,"Fabricación de artículos de papel y cartón para uso doméstico, sanitario e higiénico",4
17.23,Fabricación de artículos de papelería,17.23,Fabricación de artículos de papelería,4
17.24,Fabricación de papeles pintados,17.24,Fabricación de papeles pintados,4
17.29,Fabricación de otros artículos de papel y cartón,17.25,Fabricación de otros artículos de papel y cartón,4
18,Artes gráficas y reproducción de soportes grabados,18,Artes gráficas y reproducción de soportes grabados,2
74,"Otras actividades profesionales, científicas y técnicas",18,Artes gráficas y reproducción de soportes grabados,2
82,Actividades administrativas de oficina y otras actividades auxiliares a las empresas,18,Artes gráficas y reproducción de soportes grabados,2
18.1,Artes gráficas y servicios relacionados con las mismas,18.1,Artes gráficas y servicios relacionados ,3
74.2,Actividades de fotografía,18.1,Artes gráficas y servicios relacionados ,3
82.1,Actividades administrativas y auxiliares de oficina,18.1,Artes gráficas y servicios relacionados ,3
18.11,Artes gráficas y servicios relacionados con las mismas,18.11,Impresión de periódicos,4
18.12,Otras actividades de impresión y artes gráficas,18.12,Otras actividades de impresión y artes gráficas,4
74.20,Actividades de fotografía,18.12,Otras actividades de impresión y artes gráficas,4
82.19,"Actividades de fotocopiado, preparación de documentos y otras actividades especializadas de oficina",18.12,Otras actividades de impresión y artes gráficas,4
18.13,Servicios de preimpresión y preparación de soportes,18.13,Servicios de preimpresión y preparación de soportes,4
18.14,Encuadernación y servicios relacionados con la misma,18.14,Encuadernación y servicios relacionados,4
18.2,Reproducción de soportes grabados,18.2,Reproducción de soportes grabados,3
18.20,Reproducción de soportes grabados,18.20,Reproducción de soportes grabados,4
19,Coquerías y refino de petróleo,19,Coquerías y refino de petróleo,2
19.1,Coquerías,19.1,Coquerías,3
19.10,Coquerías,19.10,Coquerías,4
19.2,Refino de petróleo,19.2,Refino de petróleo y de combustibles fósiles,3
19.20,Refino de petróleo,19.20,Refino de petróleo y de combustibles fósiles,4
20,Industria química,20,Industria química,2
38,"Recogida, tratamiento y eliminación de residuos; valorización",20,Industria química,2
20.1,"Fabricación de productos químicos básicos, compuestos nitrogenados, fertilizantes, plásticos y caucho sintético en formas primarias",20.1,"Fabricación de productos químicos básicos, compuestos nitrogenados, fertilizantes, plásticos y caucho sintético en formas primarias",3
38.3,Valorización,20.1,"Fabricación de productos químicos básicos, compuestos nitrogenados, fertilizantes, plásticos y caucho sintético en formas primarias",3
20.11,Fabricación de gases industriales,20.11,Fabricación de gases industriales,4
20.12,Fabricación de colorantes y pigmentos,20.12,Fabricación de colorantes y pigmentos,4
20.13,Fabricación de otros productos básicos de química inorgánica,20.13,Fabricación de otros productos básicos de química inorgánica,4
20.11,Fabricación de gases industriales,20.14,Fabricación de otros productos básicos de química orgánica,4
20.14,Fabricación de otros productos básicos de química orgánica,20.14,Fabricación de otros productos básicos de química orgánica,4
20.15,Fabricación de fertilizantes y compuestos nitrogenados,20.15,Fabricación de fertilizantes y compuestos nitrogenados,4
20.16,Fabricación de plásticos en formas primarias,20.16,Fabricación de plásticos en formas primarias,4
38.32,Valorización de materiales ya clasificados,20.16,Fabricación de plásticos en formas primarias,4
20.17,Fabricación de caucho sintético en formas primarias,20.17,Fabricación de caucho sintético en formas primarias,4
20.2,Fabricación de pesticidas y otros productos agroquímicos,20.2,"Fabricación de pesticidas, desinfectantes y otros productos agroquímicos",3
20.20,Fabricación de pesticidas y otros productos agroquímicos,20.20,"Fabricación de pesticidas, desinfectantes y otros productos agroquímicos",4
20.3,"Fabricación de pinturas, barnices y revestimientos similares; tintas de imprenta y masillas",20.3,"Fabricación de pinturas, barnices y revestimientos similares, tintas de imprenta y masillas",3
20.30,"Fabricación de pinturas, barnices y revestimientos similares; tintas de imprenta y masillas",20.30,"Fabricación de pinturas, barnices y revestimientos similares, tintas de imprenta y masillas",4
20.4,"Fabricación de jabones, detergentes y otros artículos de limpieza y abrillantamiento; fabricación de perfumes y cosméticos",20.4,"Fabricación de artículos de lavado, limpieza y abrillantamiento",3
20.41,"Fabricación de jabones, detergentes y otros artículos de limpieza y abrillantamiento",20.41,"Fabricación de jabones, detergentes y otros artículos de limpieza y abrillantamiento",4
20.42,Fabricación de perfumes y cosméticos,20.42,Fabricación de productos de perfumería y cosmética,4
20.1,"Fabricación de productos químicos básicos, compuestos nitrogenados, fertilizantes, plásticos y caucho sintético en formas primarias",20.5,Fabricación de otros productos químicos,3
20.5,Fabricación de otros productos químicos,20.5,Fabricación de otros productos químicos,3
20.14,Fabricación de otros productos básicos de química orgánica,20.51,Fabricación de biocombustibles líquidos,4
20.59,Fabricación de otros productos químicos n.c.o.p.,20.51,Fabricación de biocombustibles líquidos,4
20.51,Fabricación de explosivos,20.59,Fabricación de otros productos químicos n.c.o.p.,4
20.52,Fabricación de colas,20.59,Fabricación de otros productos químicos n.c.o.p.,4
20.53,Fabricación de aceites esenciales,20.59,Fabricación de otros productos químicos n.c.o.p.,4
20.59,Fabricación de otros productos químicos n.c.o.p.,20.59,Fabricación de otros productos químicos n.c.o.p.,4
20.6,Fabricación de fibras artificiales y sintéticas,20.6,Fabricación de fibras artificiales y sintéticas,3
20.60,Fabricación de fibras artificiales y sintéticas,20.60,Fabricación de fibras artificiales y sintéticas,4
21,Fabricación de productos farmacéuticos,21,Fabricación de productos farmacéuticos,2
21.1,Fabricación de productos farmacéuticos de base,21.1,Fabricación de productos farmacéuticos de base,3
21.10,Fabricación de productos farmacéuticos de base,21.10,Fabricación de productos farmacéuticos de base,4
21.2,Fabricación de especialidades farmacéuticas,21.2,Fabricación de especialidades farmacéuticas,3
21.20,Fabricación de especialidades farmacéuticas,21.20,Fabricación de especialidades farmacéuticas,4
22,Fabricación de productos de caucho y plásticos,22,Fabricación de productos de caucho y plásticos,2
22.1,Fabricación de productos de caucho,22.1,Fabricación de productos de caucho,3
22.11,Fabricación de neumáticos y cámaras de caucho; reconstrucción y recauchutado de neumáticos,22.11,"Fabricación, recauchutado y reconstrucción de neumáticos de caucho y fabricación de cámaras",4
22.19,Fabricación de otros productos de caucho,22.12,Fabricación de otros productos de caucho,4
22.2,Fabricación de productos de plástico,22.2,Fabricación de productos de plástico,3
22.21,"Fabricación de placas, hojas, tubos y perfiles de plástico",22.21,"Fabricación de placas, hojas, tubos y perfiles de plástico",4
22.29,Fabricación de otros productos de plástico,22.21,"Fabricación de placas, hojas, tubos y perfiles de plástico",4
22.22,Fabricación de envases y embalajes de plástico,22.22,Fabricación de envases y embalajes de plástico,4
22.23,Fabricación de productos de plástico para la construcción,22.23,Fabricación de puertas y ventanas de plástico,4
22.23,Fabricación de productos de plástico para la construcción,22.24,Fabricación de productos de plástico para la construcción,4
22.21,"Fabricación de placas, hojas, tubos y perfiles de plástico",22.25,Transformación y acabado de productos de plástico,4
22.22,Fabricación de envases y embalajes de plástico,22.25,Transformación y acabado de productos de plástico,4
22.23,Fabricación de productos de plástico para la construcción,22.25,Transformación y acabado de productos de plástico,4
22.29,Fabricación de otros productos de plástico,22.25,Transformación y acabado de productos de plástico,4
22.29,Fabricación de otros productos de plástico,22.26,Fabricación de otros productos de plástico,4
13,Industria textil,23,Fabricación de otros productos minerales no metálicos,2
22,Fabricación de productos de caucho y plásticos,23,Fabricación de otros productos minerales no metálicos,2
23,Fabricación de otros productos minerales no metálicos,23,Fabricación de otros productos minerales no metálicos,2
23.1,Fabricación de vidrio y productos de vidrio,23.1,Fabricación de vidrio y productos de vidrio,3
23.11,Fabricación de vidrio plano,23.11,Fabricación de vidrio plano,4
23.12,Manipulado y transformación de vidrio plano,23.12,Manipulado y transformación de vidrio plano,4
23.13,Fabricación de vidrio hueco,23.13,Fabricación de vidrio hueco,4
23.14,Fabricación de fibra de vidrio,23.14,Fabricación de fibra de vidrio,4
23.19,"Fabricación y manipulado de otro vidrio, incluido el vidrio técnico",23.15,"Fabricación y manipulado de otro vidrio, incluido el vidrio técnico",4
23.2,Fabricación de productos cerámicos refractarios,23.2,Fabricación de productos cerámicos refractarios,3
23.20,Fabricación de productos cerámicos refractarios,23.20,Fabricación de productos cerámicos refractarios,4
23.3,Fabricación de productos cerámicos para la construcción,23.3,Fabricación de productos cerámicos para la construcción,3
23.31,Fabricación de azulejos y baldosas de cerámica,23.31,Fabricación de azulejos y baldosas de cerámica,4
23.32,"Fabricación de ladrillos, tejas y productos de tierras cocidas para la construcción",23.32,"Fabricación de ladrillos, tejas y productos de tierras cocidas para la construcción",4
23.4,Fabricación de otros productos cerámicos,23.4,Fabricación de otros productos cerámicos,3
23.41,Fabricación de artículos cerámicos de uso doméstico y ornamental,23.41,Fabricación de artículos cerámicos de uso doméstico y ornamental,4
23.42,Fabricación de aparatos sanitarios cerámicos,23.42,Fabricación de aparatos sanitarios cerámicos,4
23.43,Fabricación de aisladores y piezas aislantes de material cerámico,23.43,Fabricación de aisladores y piezas aislantes de material cerámico,4
23.44,Fabricación de otros productos cerámicos de uso técnico,23.44,Fabricación de otros productos cerámicos de uso técnico,4
23.49,Fabricación de otros productos cerámicos,23.45,Fabricación de otros productos cerámicos,4
23.5,"Fabricación de cemento, cal y yeso",23.5,"Fabricación de cemento, cal y yeso",3
23.51,Fabricación de cemento,23.51,Fabricación de cemento,4
23.52,Fabricación de cal y yeso,23.52,Fabricación de cal y yeso,4
22.2,Fabricación de productos de plástico,23.6,"Fabricación de elementos de hormigón, cemento y yeso",3
23.6,"Fabricación de elementos de hormigón, cemento y yeso",23.6,"Fabricación de elementos de hormigón, cemento y yeso",3
23.62,Fabricación de elementos de yeso para la construcción,23.62,Fabricación de elementos de yeso para la construcción,4
23.63,Fabricación de hormigón fresco,23.63,Fabricación de hormigón fresco,4
23.64,Fabricación de mortero,23.64,Fabricación de mortero,4
23.65,Fabricación de fibrocemento,23.65,Fabricación de fibrocemento,4
22.23,Fabricación de productos de plástico para la construcción,23.66,"Fabricación de otros productos de hormigón, yeso y cemento",4
23.69,"Fabricación de otros productos de hormigón, yeso y cemento",23.66,"Fabricación de otros productos de hormigón, yeso y cemento",4
23.61,Fabricación de elementos de hormigón para la construcción,23.67,Fabricación de elementos de hormigón para la construcción no industrializada,4
23.61,Fabricación de elementos de hormigón para la construcción,23.68,Fabricación de elementos de hormigón para la construcción industrializada,4
23.7,"Corte, tallado y acabado de la piedra",23.7,"Corte, tallado y acabado de la piedra",3
23.70,"Corte, tallado y acabado de la piedra",23.70,"Corte, tallado y acabado de la piedra",4
13.2,Fabricación de tejidos textiles,23.9,Fabricación de productos abrasivos y productos minerales no metálicos n.c.o.p.,3
23.9,Fabricación de productos abrasivos y productos minerales no metálicos n.c.o.p.,23.9,Fabricación de productos abrasivos y productos minerales no metálicos n.c.o.p.,3
23.91,Fabricación de productos abrasivos,23.91,Fabricación de productos abrasivos,4
13.20,Fabricación de tejidos textiles,23.99,Fabricación de otros productos minerales no metálicos n.c.o.p.,4
23.99,Fabricación de otros productos minerales no metálicos n.c.o.p.,23.99,Fabricación de otros productos minerales no metálicos n.c.o.p.,4
24,"Metalurgia; fabricación de productos de hierro, acero y ferroaleaciones",24,Metalurgia,2
24.1,"Fabricación de productos básicos de hierro, acero y ferroaleaciones",24.1,"Fabricación de productos básicos de hierro, acero y ferroaleaciones",3
24.10,"Fabricación de productos básicos de hierro, acero y ferroaleaciones",24.10,"Fabricación de productos básicos de hierro, acero y ferroaleaciones",4
24.2,"Fabricación de tubos, tuberías, perfiles huecos y sus accesorios, de acero",24.2,"Fabricación de tubos, tuberías, perfiles huecos y sus accesorios, de acero",3
24.20,"Fabricación de tubos, tuberías, perfiles huecos y sus accesorios, de acero",24.20,"Fabricación de tubos, tuberías, perfiles huecos y sus accesorios, de acero",4
24.3,Fabricación de otros productos de primera transformación del acero,24.3,Fabricación de otros productos de primera transformación del acero,3
24.31,Estirado en frío,24.31,Estirado en frío,4
24.32,Laminación en frío,24.32,Laminado en frío,4
24.33,Producción de perfiles en frío por conformación con plegado,24.33,Producción de perfiles en frío por conformación con plegado,4
24.34,Trefilado en frío,24.34,Trefilado en frío,4
24.4,Producción de metales preciosos y de otros metales no férreos,24.4,Producción de metales preciosos y de otros metales no férreos,3
24.41,Producción de metales preciosos,24.41,Producción de metales preciosos,4
24.42,Producción de aluminio,24.42,Producción de aluminio,4
24.43,"Producción de plomo, zinc y estaño",24.43,"Producción de plomo, zinc y estaño",4
24.44,Producción de cobre,24.44,Producción de cobre,4
24.45,Producción de otros metales no férreos,24.45,Producción de otros metales no férreos,4
24.46,Procesamiento de combustibles nucleares,24.46,Procesamiento de combustibles nucleares,4
24.5,Fundición de metales,24.5,Fundición de metales,3
24.51,Fundición de hierro,24.51,Fundición de hierro,4
24.52,Fundición de acero,24.52,Fundición de acero,4
24.53,Fundición de metales ligeros,24.53,Fundición de metales ligeros,4
24.53,Fundición de metales ligeros,24.54,Fundición de otros metales no férreos,4
24.54,Fundición de otros metales no férreos,24.54,Fundición de otros metales no férreos,4
25,"Fabricación de productos metálicos, excepto maquinaria y equipo",25,"Fabricación de productos metálicos, excepto maquinaria y equipo",2
25.1,Fabricación de elementos metálicos para la construcción,25.1,Fabricación de elementos metálicos para la construcción,3
25.12,Fabricación de carpintería metálica,25.12,Fabricación de puertas y ventanas de metal,4
25.11,Fabricación de estructuras metálicas y sus componentes,25.13,"Fabricación de estructuras metálicas y sus componentes, excepto las destinadas a construcción industrializada",4
25.11,Fabricación de estructuras metálicas y sus componentes,25.14,Fabricación de estructuras metálicas y sus componentes destinadas a construcción industrializada,4
25.2,"Fabricación de cisternas, grandes depósitos y contenedores de metal",25.2,"Fabricación de cisternas, grandes depósitos y contenedores de metal",3
25.3,"Fabricación de generadores de vapor, excepto calderas de calefacción central",25.2,"Fabricación de cisternas, grandes depósitos y contenedores de metal",3
25.21,Fabricación de radiadores y calderas para calefacción central,25.21,"Fabricación de radiadores, generadores de vapor y calderas para calefacción central",4
25.30,"Fabricación de generadores de vapor, excepto calderas de calefacción central",25.21,"Fabricación de radiadores, generadores de vapor y calderas para calefacción central",4
25.29,"Fabricación de otras cisternas, grandes depósitos y contenedores de metal",25.22,"Fabricación de otras cisternas, grandes depósitos y contenedores de metal",4
25.4,Fabricación de armas y municiones,25.3,Fabricación de armas y municiones,3
25.40,Fabricación de armas y municiones,25.30,Fabricación de armas y municiones,4
25.5,"Forja, estampación y embutición de metales; metalurgia de polvos",25.4,Forja y modelado de metales y metalurgia de polvos,3
25.50,"Forja, estampación y embutición de metales; metalurgia de polvos",25.40,Forja y modelado de metales y metalurgia de polvos,4
25.6,Tratamiento y revestimiento de metales; ingeniería mecánica por cuenta de terceros,25.5,"Tratamiento, revestimiento y mecanizado de metales",3
25.61,Tratamiento y revestimiento de metales,25.51,Revestimiento de metales,4
25.61,Tratamiento y revestimiento de metales,25.52,Tratamiento térmico de metales,4
25.61,Tratamiento y revestimiento de metales,25.53,Mecanizado de metales,4
25.62,Ingeniería mecánica por cuenta de terceros,25.53,Mecanizado de metales,4
25.7,"Fabricación de artículos de cuchillería y cubertería, herramientas y ferretería",25.6,"Fabricación de artículos de cuchillería y cubertería, herramientas y ferretería",3
25.71,Fabricación de artículos de cuchillería y cubertería,25.61,Fabricación de artículos de cuchillería y cubertería,4
25.72,Fabricación de cerraduras y herrajes,25.62,Fabricación de cerraduras y herrajes,4
25.73,Fabricación de herramientas,25.63,Fabricación de herramientas,4
25.9,Fabricación de otros productos metálicos,25.9,Fabricación de otros productos metálicos,3
25.91,Fabricación de bidones y toneles de hierro o acero,25.91,Fabricación de bidones y toneles de hierro o acero,4
25.92,Fabricación de envases y embalajes metálicos ligeros,25.92,Fabricación de envases y embalajes metálicos ligeros,4
25.93,"Fabricación de productos de alambre, cadenas y muelles",25.93,"Fabricación de productos de alambre, cadenas y muelles",4
25.94,Fabricación de pernos y productos de tornillería,25.94,Fabricación de pernos y productos de tornillería,4
25.99,Fabricación de otros productos metálicos n.c.o.p.,25.99,Fabricación de otros productos metálicos n.c.o.p.,4
26,"Fabricación de productos informáticos, electrónicos y ópticos",26,"Fabricación de productos informáticos, electrónicos y ópticos",2
28,Fabricación de maquinaria y equipo n.c.o.p.,26,"Fabricación de productos informáticos, electrónicos y ópticos",2
32,Otras industrias manufactureras,26,"Fabricación de productos informáticos, electrónicos y ópticos",2
26.1,Fabricación de componentes electrónicos y circuitos impresos ensamblados,26.1,Fabricación de componentes electrónicos y circuitos impresos ensamblados,3
26.11,Fabricación de componentes electrónicos,26.11,Fabricación de componentes electrónicos,4
26.12,Fabricación de circuitos impresos ensamblados,26.12,Fabricación de circuitos impresos ensamblados,4
26.2,Fabricación de ordenadores y equipos periféricos,26.2,Fabricación de ordenadores y equipos periféricos,3
28.2,Fabricación de otra maquinaria de uso general,26.2,Fabricación de ordenadores y equipos periféricos,3
26.20,Fabricación de ordenadores y equipos periféricos,26.20,Fabricación de ordenadores y equipos periféricos,4
28.23,"Fabricación de máquinas y equipos de oficina, excepto equipos informáticos",26.20,Fabricación de ordenadores y equipos periféricos,4
26.3,Fabricación de equipos de telecomunicaciones,26.3,Fabricación de equipos de telecomunicaciones,3
26.30,Fabricación de equipos de telecomunicaciones,26.30,Fabricación de equipos de telecomunicaciones,4
26.2,Fabricación de ordenadores y equipos periféricos,26.4,Fabricación de productos electrónicos de consumo,3
26.4,Fabricación de productos electrónicos de consumo,26.4,Fabricación de productos electrónicos de consumo,3
26.20,Fabricación de ordenadores y equipos periféricos,26.40,Fabricación de productos electrónicos de consumo,4
26.40,Fabricación de productos electrónicos de consumo,26.40,Fabricación de productos electrónicos de consumo,4
26.3,Fabricación de equipos de telecomunicaciones,26.5,Fabricación de instrumentos de verificación de medidas y relojes,3
26.5,"Fabricación de instrumentos y aparatos de medida, verificación y navegación; fabricación de relojes",26.5,Fabricación de instrumentos de verificación de medidas y relojes,3
26.30,Fabricación de equipos de telecomunicaciones,26.51,"Fabricación de instrumentos y aparatos de medida, verificación y navegación",4
26.51,"Fabricación de instrumentos y aparatos de medida, verificación y navegación",26.51,"Fabricación de instrumentos y aparatos de medida, verificación y navegación",4
26.52,Fabricación de relojes,26.52,Fabricación de relojes,4
26.6,"Fabricación de equipos de radiación, electromédicos y electroterapéuticos",26.6,"Fabricación de equipos de radiación, electromédicos y electroterapéuticos",3
32.5,Fabricación de instrumentos y suministros médicos y odontológicos,26.6,"Fabricación de equipos de radiación, electromédicos y electroterapéuticos",3
26.60,"Fabricación de equipos de radiación, electromédicos y electroterapéuticos",26.60,"Fabricación de equipos de radiación, electromédicos y electroterapéuticos",4
32.50,Fabricación de instrumentos y suministros médicos y odontológicos,26.60,"Fabricación de equipos de radiación, electromédicos y electroterapéuticos",4
26.7,Fabricación de instrumentos de óptica y equipo fotográfico,26.7,"Fabricación de instrumentos ópticos, soportes magnéticos y ópticos y equipos fotográficos",3
26.8,Fabricación de soportes magnéticos y ópticos,26.7,"Fabricación de instrumentos ópticos, soportes magnéticos y ópticos y equipos fotográficos",3
26.70,Fabricación de instrumentos de óptica y equipo fotográfico,26.70,"Fabricación de instrumentos ópticos, soportes magnéticos y ópticos y equipos fotográficos",4
26.80,Fabricación de soportes magnéticos y ópticos,26.70,"Fabricación de instrumentos ópticos, soportes magnéticos y ópticos y equipos fotográficos",4
27,Fabricación de material y equipo eléctrico,27,Fabricación de material y equipo eléctrico,2
28,Fabricación de maquinaria y equipo n.c.o.p.,27,Fabricación de material y equipo eléctrico,2
27.1,"Fabricación de motores, generadores y transformadores eléctricos, y de aparatos de distribución y control eléctrico",27.1,"Fabricación de motores, generadores y transformadores eléctricos, y de aparatos de distribución y control eléctrico",3
27.9,Fabricación de otro material y equipo eléctrico,27.1,"Fabricación de motores, generadores y transformadores eléctricos, y de aparatos de distribución y control eléctrico",3
27.11,"Fabricación de motores, generadores y transformadores eléctricos",27.11,"Fabricación de motores, generadores y transformadores eléctricos",4
27.12,Fabricación de aparatos de distribución y control eléctrico,27.11,"Fabricación de motores, generadores y transformadores eléctricos",4
27.90,Fabricación de otro material y equipo eléctrico,27.11,"Fabricación de motores, generadores y transformadores eléctricos",4
27.12,Fabricación de aparatos de distribución y control eléctrico,27.12,Fabricación de aparatos de distribución y control eléctrico,4
27.2,Fabricación de pilas y acumuladores eléctricos,27.2,Fabricación de pilas y acumuladores eléctricos,3
27.20,Fabricación de pilas y acumuladores eléctricos,27.20,Fabricación de pilas y acumuladores eléctricos,4
27.3,Fabricación de cables y dispositivos de cableado,27.3,Fabricación de cables y dispositivos de cableado,3
27.31,Fabricación de cables de fibra óptica,27.31,Fabricación de cables de fibra óptica,4
27.32,Fabricación de otros hilos y cables electrónicos y eléctricos,27.32,Fabricación de otros hilos y cables electrónicos y eléctricos,4
27.33,Fabricación de dispositivos de cableado,27.33,Fabricación de dispositivos de cableado,4
27.4,Fabricación de lámparas y aparatos eléctricos de iluminación,27.4,Fabricación de equipos de iluminación,3
27.40,Fabricación de lámparas y aparatos eléctricos de iluminación,27.40,Fabricación de equipos de iluminación,4
27.5,Fabricación de aparatos domésticos,27.5,Fabricación de aparatos domésticos,3
27.51,Fabricación de electrodomésticos,27.51,Fabricación de electrodomésticos,4
27.52,Fabricación de aparatos domésticos no eléctricos,27.52,Fabricación de aparatos domésticos no eléctricos,4
27.9,Fabricación de otro material y equipo eléctrico,27.9,Fabricación de otro material y equipo eléctrico,3
28.4,Fabricación de máquinas herramienta para trabajar el metal y otras máquinas herramienta,27.9,Fabricación de otro material y equipo eléctrico,3
27.90,Fabricación de otro material y equipo eléctrico,27.90,Fabricación de otro material y equipo eléctrico,4
28.49,Fabricación de otras máquinas herramienta,27.90,Fabricación de otro material y equipo eléctrico,4
25,"Fabricación de productos metálicos, excepto maquinaria y equipo",28,Fabricación de maquinaria y equipo n.c.o.p.,2
28,Fabricación de maquinaria y equipo n.c.o.p.,28,Fabricación de maquinaria y equipo n.c.o.p.,2
28.1,Fabricación de maquinaria de uso general,28.1,Fabricación de maquinaria de uso general,3
28.11,"Fabricación de motores y turbinas, excepto los destinados a aeronaves, vehículos automóviles y ciclomotores",28.11,"Fabricación de motores y turbinas, excepto los destinados a aeronaves, vehículos automóviles y ciclomotores",4
28.12,Fabricación de equipos de transmisión hidráulica y neumática,28.12,Fabricación de equipos de transmisión hidráulica y neumática,4
28.13,Fabricación de otras bombas y compresores,28.13,Fabricación de otras bombas y compresores,4
28.14,Fabricación de otra grifería y válvulas,28.14,Fabricación de otra grifería y válvulas,4
28.15,"Fabricación de cojinetes, engranajes y órganos mecánicos de transmisión",28.15,"Fabricación de cojinetes, engranajes y órganos mecánicos de transmisión",4
25.2,"Fabricación de cisternas, grandes depósitos y contenedores de metal",28.2,Fabricación de otra maquinaria de uso general,3
28.2,Fabricación de otra maquinaria de uso general,28.2,Fabricación de otra maquinaria de uso general,3
25.21,Fabricación de radiadores y calderas para calefacción central,28.21,"Fabricación de hornos, quemadores y equipos de calefacción doméstica permanente",4
28.21,Fabricación de hornos y quemadores,28.21,"Fabricación de hornos, quemadores y equipos de calefacción doméstica permanente",4
28.22,Fabricación de maquinaria de elevación y manipulación,28.22,Fabricación de maquinaria de elevación y manipulación,4
28.23,"Fabricación de máquinas y equipos de oficina, excepto equipos informáticos",28.23,"Fabricación de máquinas y equipos de oficina, excepto equipos informáticos",4
28.24,Fabricación de herramientas eléctricas manuales,28.24,Fabricación de herramientas eléctricas manuales,4
28.21,Fabricación de hornos y quemadores,28.25,Fabricación de equipos de aire acondicionado no domésticos,4
28.25,Fabricación de maquinaria de ventilación y refrigeración no doméstica,28.25,Fabricación de equipos de aire acondicionado no domésticos,4
28.29,Fabricación de otra maquinaria de uso general n.c.o.p.,28.29,Fabricación de otra maquinaria de uso general n.c.o.p.,4
28.3,Fabricación de maquinaria agraria y forestal,28.3,Fabricación de maquinaria agraria y forestal,3
28.9,Fabricación de otra maquinaria para usos específicos,28.3,Fabricación de maquinaria agraria y forestal,3
28.30,Fabricación de maquinaria agraria y forestal,28.30,Fabricación de maquinaria agraria y forestal,4
28.92,Fabricación de maquinaria para las industrias extractivas y de la construcción,28.30,Fabricación de maquinaria agraria y forestal,4
28.4,Fabricación de máquinas herramienta para trabajar el metal y otras máquinas herramienta,28.4,Fabricación de maquinaria para el conformado de metales y de máquinas herramienta,3
28.41,Fabricación de máquinas herramienta para trabajar el metal,28.41,Fabricación de maquinaria para el conformado de metales y de otras máquinas herramienta para trabajar el metal,4
28.49,Fabricación de otras máquinas herramienta,28.41,Fabricación de maquinaria para el conformado de metales y de otras máquinas herramienta para trabajar el metal,4
28.49,Fabricación de otras máquinas herramienta,28.42,Fabricación de otras máquinas herramienta,4
28.2,Fabricación de otra maquinaria de uso general,28.9,Fabricación de otra maquinaria para usos específicos,3
28.9,Fabricación de otra maquinaria para usos específicos,28.9,Fabricación de otra maquinaria para usos específicos,3
28.91,Fabricación de maquinaria para la industria metalúrgica,28.91,Fabricación de maquinaria para la industria metalúrgica,4
28.92,Fabricación de maquinaria para las industrias extractivas y de la construcción,28.92,Fabricación de maquinaria para las industrias extractivas y de la construcción,4
28.29,Fabricación de otra maquinaria de uso general n.c.o.p.,28.93,"Fabricación de maquinaria para la industria de la alimentación, bebidas y tabaco",4
28.93,"Fabricación de maquinaria para la industria de la alimentación, bebidas y tabaco",28.93,"Fabricación de maquinaria para la industria de la alimentación, bebidas y tabaco",4
28.94,"Fabricación de maquinaria para las industrias textil, de la confección y del cuero",28.94,"Fabricación de maquinaria para las industrias textil, de la confección y del cuero",4
28.95,Fabricación de maquinaria para la industria del papel y del cartón,28.95,Fabricación de maquinaria para la industria del papel y del cartón,4
28.96,Fabricación de maquinaria para la industria del plástico y el caucho,28.96,Fabricación de maquinaria para las industrias del plástico y del caucho,4
28.96,Fabricación de maquinaria para la industria del plástico y el caucho,28.97,Fabricación de maquinaria de fabricación aditiva,4
28.99,Fabricación de otra maquinaria para usos específicos n.c.o.p.,28.97,Fabricación de maquinaria de fabricación aditiva,4
28.99,Fabricación de otra maquinaria para usos específicos n.c.o.p.,28.99,Fabricación de otra maquinaria para usos específicos n.c.o.p.,4
23,Fabricación de otros productos minerales no metálicos,29,"Fabricación de vehículos de motor, remolques y semirremolques",2
27,Fabricación de material y equipo eléctrico,29,"Fabricación de vehículos de motor, remolques y semirremolques",2
28,Fabricación de maquinaria y equipo n.c.o.p.,29,"Fabricación de vehículos de motor, remolques y semirremolques",2
29,"Fabricación de vehículos de motor, remolques y semirremolques",29,"Fabricación de vehículos de motor, remolques y semirremolques",2
27.1,"Fabricación de motores, generadores y transformadores eléctricos, y de aparatos de distribución y control eléctrico",29.1,Fabricación de vehículos de motor,3
29.1,Fabricación de vehículos de motor,29.1,Fabricación de vehículos de motor,3
27.11,"Fabricación de motores, generadores y transformadores eléctricos",29.10,Fabricación de vehículos de motor,4
29.10,Fabricación de vehículos de motor,29.10,Fabricación de vehículos de motor,4
29.2,Fabricación de carrocerías para vehículos de motor; fabricación de remolques y semirremolques,29.2,Fabricación de carrocerías para vehículos de motor; fabricación de remolques y semirremolques,3
29.20,Fabricación de carrocerías para vehículos de motor; fabricación de remolques y semirremolques,29.20,Fabricación de carrocerías para vehículos de motor; fabricación de remolques y semirremolques,4
23.1,Fabricación de vidrio y productos de vidrio,29.3,Fabricación de repuestos y accesorios de vehículos de motor,3
27.9,Fabricación de otro material y equipo eléctrico,29.3,Fabricación de repuestos y accesorios de vehículos de motor,3
28.1,Fabricación de maquinaria de uso general,29.3,Fabricación de repuestos y accesorios de vehículos de motor,3
28.2,Fabricación de otra maquinaria de uso general,29.3,Fabricación de repuestos y accesorios de vehículos de motor,3
29.3,"Fabricación de componentes, piezas y accesorios para vehículos de motor",29.3,Fabricación de repuestos y accesorios de vehículos de motor,3
27.90,Fabricación de otro material y equipo eléctrico,29.31,Fabricación de equipos eléctricos y electrónicos para vehículos de motor,4
29.31,Fabricación de equipos eléctricos y electrónicos para vehículos de motor,29.31,Fabricación de equipos eléctricos y electrónicos para vehículos de motor,4
23.12,Manipulado y transformación de vidrio plano,29.32,"Fabricación de otros componentes, piezas y accesorios para vehículos de motor",4
28.11,"Fabricación de motores y turbinas, excepto los destinados a aeronaves, vehículos automóviles y ciclomotores",29.32,"Fabricación de otros componentes, piezas y accesorios para vehículos de motor",4
28.25,Fabricación de maquinaria de ventilación y refrigeración no doméstica,29.32,"Fabricación de otros componentes, piezas y accesorios para vehículos de motor",4
29.32,"Fabricación de otros componentes, piezas y accesorios para vehículos de motor",29.32,"Fabricación de otros componentes, piezas y accesorios para vehículos de motor",4
28,Fabricación de maquinaria y equipo n.c.o.p.,30,Fabricación de otro material de transporte,2
30,Fabricación de otro material de transporte,30,Fabricación de otro material de transporte,2
30.1,Construcción naval,30.1,Construcción naval,3
30.11,Construcción de barcos y estructuras flotantes,30.11,Construcción de buques civiles y estructuras flotantes,4
30.12,Construcción de embarcaciones de recreo y deporte,30.12,Construcción de embarcaciones de recreo y deporte,4
30.11,Construcción de barcos y estructuras flotantes,30.13,Construcción de embarcaciones y buques militares,4
30.2,Fabricación de locomotoras y material ferroviario,30.2,Fabricación de locomotoras y material ferroviario,3
30.20,Fabricación de locomotoras y material ferroviario,30.20,Fabricación de locomotoras y material ferroviario,4
30.3,Construcción aeronáutica y espacial y su maquinaria,30.3,Construcción aeronáutica y espacial y su maquinaria,3
30.30,Construcción aeronáutica y espacial y su maquinaria,30.31,Construcción aeronáutica y espacial civil y su maquinaria,4
30.30,Construcción aeronáutica y espacial y su maquinaria,30.32,Construcción aeronáutica y espacial militar y su maquinaria,4
30.4,Fabricación de vehículos militares de combate,30.4,Fabricación de vehículos militares de combate,3
30.40,Fabricación de vehículos militares de combate,30.40,Fabricación de vehículos militares de combate,4
28.1,Fabricación de maquinaria de uso general,30.9,Fabricación de otro material de transporte n.c.o.p.,3
30.9,Fabricación de otro material de transporte n.c.o.p.,30.9,Fabricación de otro material de transporte n.c.o.p.,3
28.11,"Fabricación de motores y turbinas, excepto los destinados a aeronaves, vehículos automóviles y ciclomotores",30.91,Fabricación de motocicletas,4
30.91,Fabricación de motocicletas,30.91,Fabricación de motocicletas,4
30.91,Fabricación de motocicletas,30.92,Fabricación de bicicletas y de vehículos para personas con discapacidad,4
30.92,Fabricación de bicicletas y de vehículos para personas con discapacidad,30.92,Fabricación de bicicletas y de vehículos para personas con discapacidad,4
30.99,Fabricación de otro material de transporte n.c.o.p.,30.99,Fabricación de otro material de transporte n.c.o.p.,4
23,Fabricación de otros productos minerales no metálicos,31,Fabricación de muebles,2
31,Fabricación de muebles,31,Fabricación de muebles,2
23.4,Fabricación de otros productos cerámicos,31.0,Fabricación de muebles,3
31.0,Fabricación de muebles,31.0,Fabricación de muebles,3
23.42,Fabricación de aparatos sanitarios cerámicos,31.00,Fabricación de muebles,4
31.01,Fabricación de muebles de oficina y de establecimientos comerciales,31.00,Fabricación de muebles,4
31.02,Fabricación de muebles de cocina,31.00,Fabricación de muebles,4
31.03,Fabricación de colchones,31.00,Fabricación de muebles,4
31.09,Fabricación de otros muebles,31.00,Fabricación de muebles,4
27,Fabricación de material y equipo eléctrico,32,Otras industrias manufactureras,2
32,Otras industrias manufactureras,32,Otras industrias manufactureras,2
32.1,"Fabricación de artículos de joyería, bisutería y similares",32.1,"Fabricación de artículos de joyería, bisutería y similares",3
32.11,Fabricación de monedas,32.11,Fabricación de monedas,4
32.12,Fabricación de artículos de joyería y artículos similares,32.12,Fabricación de artículos de joyería y artículos similares,4
32.13,Fabricación de artículos de bisutería y artículos similares,32.13,Fabricación de artículos de bisutería y artículos similares,4
32.2,Fabricación de instrumentos musicales,32.2,Fabricación de instrumentos musicales,3
32.20,Fabricación de instrumentos musicales,32.20,Fabricación de instrumentos musicales,4
32.3,Fabricación de artículos de deporte,32.3,Fabricación de artículos de deporte,3
32.30,Fabricación de artículos de deporte,32.30,Fabricación de artículos de deporte,4
32.4,Fabricación de juegos y juguetes,32.4,Fabricación de juegos y juguetes,3
32.40,Fabricación de juegos y juguetes,32.40,Fabricación de juegos y juguetes,4
32.5,Fabricación de instrumentos y suministros médicos y odontológicos,32.5,Fabricación de instrumentos y suministros médicos y odontológicos,3
32.9,Industrias manufactureras n.c.o.p.,32.5,Fabricación de instrumentos y suministros médicos y odontológicos,3
32.50,Fabricación de instrumentos y suministros médicos y odontológicos,32.50,Fabricación de instrumentos y suministros médicos y odontológicos,4
32.99,Otras industrias manufactureras n.c.o.p.,32.50,Fabricación de instrumentos y suministros médicos y odontológicos,4
27.9,Fabricación de otro material y equipo eléctrico,32.9,Industrias manufactureras n.c.o.p.,3
32.3,Fabricación de artículos de deporte,32.9,Industrias manufactureras n.c.o.p.,3
32.9,Industrias manufactureras n.c.o.p.,32.9,Industrias manufactureras n.c.o.p.,3
32.91,"Fabricación de escobas, brochas y cepillos",32.91,"Fabricación de escobas, brochas y cepillos",4
27.90,Fabricación de otro material y equipo eléctrico,32.99,Otras industrias manufactureras n.c.o.p.,4
32.30,Fabricación de artículos de deporte,32.99,Otras industrias manufactureras n.c.o.p.,4
32.99,Otras industrias manufactureras n.c.o.p.,32.99,Otras industrias manufactureras n.c.o.p.,4
30,Fabricación de otro material de transporte,33,"Reparación, mantenimiento e instalación de maquinaria y equipos",2
33,Reparación e instalación de maquinaria y equipo,33,"Reparación, mantenimiento e instalación de maquinaria y equipos",2
30.4,Fabricación de vehículos militares de combate,33.1,"Reparación y mantenimiento de productos metálicos, maquinaria y equipos",3
33.1,"Reparación de productos metálicos, maquinaria y equipo",33.1,"Reparación y mantenimiento de productos metálicos, maquinaria y equipos",3
33.11,Reparación de productos metálicos,33.11,Reparación y mantenimiento de productos metálicos,4
33.12,Reparación de maquinaria,33.12,Reparación y mantenimiento de maquinaria,4
33.13,Reparación de equipos electrónicos y ópticos,33.13,Reparación y mantenimiento de equipos electrónicos y ópticos,4
33.14,Reparación de equipos eléctricos,33.14,Reparación y mantenimiento de equipos eléctricos,4
33.12,Reparación de maquinaria,33.15,Reparación y mantenimiento de buques y embarcaciones civiles,4
33.15,Reparación y mantenimiento naval,33.15,Reparación y mantenimiento de buques y embarcaciones civiles,4
33.16,Reparación y mantenimiento aeronáutico y espacial,33.16,Reparación y mantenimiento aeronáutico y espacial civil,4
33.11,Reparación de productos metálicos,33.17,Reparación y mantenimiento de otro material de transporte civil,4
33.17,Reparación y mantenimiento de otro material de transporte,33.17,Reparación y mantenimiento de otro material de transporte civil,4
30.40,Fabricación de vehículos militares de combate,33.18,"Reparación y mantenimiento de vehículos de combate, buques, embarcaciones, vehículos aéreos y espaciales militares",4
33.12,Reparación de maquinaria,33.18,"Reparación y mantenimiento de vehículos de combate, buques, embarcaciones, vehículos aéreos y espaciales militares",4
33.15,Reparación y mantenimiento naval,33.18,"Reparación y mantenimiento de vehículos de combate, buques, embarcaciones, vehículos aéreos y espaciales militares",4
33.16,Reparación y mantenimiento aeronáutico y espacial,33.18,"Reparación y mantenimiento de vehículos de combate, buques, embarcaciones, vehículos aéreos y espaciales militares",4
33.19,Reparación de otros equipos,33.19,Reparación y mantenimiento de otros equipos,4
33.2,Instalación de máquinas y equipos industriales,33.2,Instalación de máquinas y equipos industriales,3
33.20,Instalación de máquinas y equipos industriales,33.20,Instalación de máquinas y equipos industriales,4
35,"Suministro de energía eléctrica, gas, vapor y aire acondicionado",35,"Suministro de energía eléctrica, gas, vapor y aire acondicionado",2
52,Almacenamiento y actividades anexas al transporte,35,"Suministro de energía eléctrica, gas, vapor y aire acondicionado",2
35.1,"Producción, transporte y distribución de energía eléctrica",35.1,"Producción, transporte y distribución de energía eléctrica",3
35.16,Producción de energía eléctrica de origen térmico convencional,35.11,Producción de energía eléctrica a partir de fuentes no renovables,4
35.17,Producción de energía eléctrica de origen nuclear,35.11,Producción de energía eléctrica a partir de fuentes no renovables,4
35.19,Producción de energía eléctrica de otros tipos,35.11,Producción de energía eléctrica a partir de fuentes no renovables,4
35.15,Producción de energía hidroeléctrica,35.12,Producción de energía eléctrica a partir de fuentes renovables,4
35.18,Producción de energía eléctrica de origen eólico,35.12,Producción de energía eléctrica a partir de fuentes renovables,4
35.19,Producción de energía eléctrica de otros tipos,35.12,Producción de energía eléctrica a partir de fuentes renovables,4
35.12,Transporte de energía eléctrica,35.13,Transporte de energía eléctrica,4
35.13,Distribución de energía eléctrica,35.14,Distribución de energía eléctrica,4
35.14,Comercio de energía eléctrica,35.15,Comercio de energía eléctrica,4
35.15,Producción de energía hidroeléctrica,35.16,Almacenamiento de energía eléctrica,4
35.16,Producción de energía eléctrica de origen térmico convencional,35.16,Almacenamiento de energía eléctrica,4
35.17,Producción de energía eléctrica de origen nuclear,35.16,Almacenamiento de energía eléctrica,4
35.18,Producción de energía eléctrica de origen eólico,35.16,Almacenamiento de energía eléctrica,4
35.19,Producción de energía eléctrica de otros tipos,35.16,Almacenamiento de energía eléctrica,4
35.2,Producción de gas; distribución por tubería de combustibles gaseosos,35.2,Producción de gas y distribución por tubería de combustibles gaseosos,3
52.1,Depósito y almacenamiento,35.2,Producción de gas y distribución por tubería de combustibles gaseosos,3
35.21,Producción de gas,35.21,Producción de gas,4
35.22,Distribución por tubería de combustibles gaseosos,35.22,Distribución por tubería de combustibles gaseosos,4
35.23,Comercio de gas por tubería,35.23,Comercio de gas por tuberías ,4
52.10,Depósito y almacenamiento,35.24,Almacenamiento de gas como parte de los servicios de suministro de la red,4
35.3,Suministro de vapor y aire acondicionado,35.3,Suministro de vapor y aire acondicionado ,3
35.30,Suministro de vapor y aire acondicionado,35.30,Suministro de vapor y aire acondicionado ,4
35.1,"Producción, transporte y distribución de energía eléctrica",35.4,Actividades de intermediación de energía eléctrica y gas natural,3
35.2,Producción de gas; distribución por tubería de combustibles gaseosos,35.4,Actividades de intermediación de energía eléctrica y gas natural,3
35.14,Comercio de energía eléctrica,35.40,Actividades de intermediación de energía eléctrica y gas natural,4
35.23,Comercio de gas por tubería,35.40,Actividades de intermediación de energía eléctrica y gas natural,4
36,"Captación, depuración y distribución de agua",36,"Captación, depuración y distribución de agua",2
36.0,"Captación, depuración y distribución de agua",36.0,"Captación, depuración y distribución de agua",3
36.00,"Captación, depuración y distribución de agua",36.00,"Captación, depuración y distribución de agua",4
37,Recogida y tratamiento de aguas residuales,37,Recogida y tratamiento de aguas residuales,2
37.0,Recogida y tratamiento de aguas residuales,37.0,Recogida y tratamiento de aguas residuales,3
37.00,Recogida y tratamiento de aguas residuales,37.00,Recogida y tratamiento de aguas residuales,4
38,"Recogida, tratamiento y eliminación de residuos; valorización",38,"Actividades de recogida, tratamiento y eliminación de residuos ",2
38.1,Recogida de residuos,38.1,Recogida de residuos ,3
38.11,Recogida de residuos no peligrosos,38.11,Recogida de residuos no peligrosos,4
38.12,Recogida de residuos peligrosos,38.12,Recogida de residuos peligrosos,4
38.2,Tratamiento y eliminación de residuos,38.2,Valorización de residuos,3
38.3,Valorización,38.2,Valorización de residuos,3
38.21,Tratamiento y eliminación de residuos no peligrosos,38.21,Valorización de materiales,4
38.31,Separación y clasificación de materiales,38.21,Valorización de materiales,4
38.32,Valorización de materiales ya clasificados,38.21,Valorización de materiales,4
38.21,Tratamiento y eliminación de residuos no peligrosos,38.22,Valorización energética,4
38.22,Tratamiento y eliminación de residuos peligrosos,38.22,Valorización energética,4
38.21,Tratamiento y eliminación de residuos no peligrosos,38.23,Otra valorización de residuos,4
38.22,Tratamiento y eliminación de residuos peligrosos,38.23,Otra valorización de residuos,4
38.2,Tratamiento y eliminación de residuos,38.3,Eliminación de residuos sin valorización,3
38.21,Tratamiento y eliminación de residuos no peligrosos,38.31,Incineración sin valorización energética,4
38.22,Tratamiento y eliminación de residuos peligrosos,38.31,Incineración sin valorización energética,4
38.21,Tratamiento y eliminación de residuos no peligrosos,38.32,Depósito en vertederos o almacenamiento permanente,4
38.22,Tratamiento y eliminación de residuos peligrosos,38.32,Depósito en vertederos o almacenamiento permanente,4
38.21,Tratamiento y eliminación de residuos no peligrosos,38.33,Otra eliminación de residuos,4
38.22,Tratamiento y eliminación de residuos peligrosos,38.33,Otra eliminación de residuos,4
39,Actividades de descontaminación y otros servicios de gestión de residuos,39,Actividades de descontaminación y otros servicios de gestión de residuos,2
39.0,Actividades de descontaminación y otros servicios de gestión de residuos,39.0,Actividades de descontaminación y otros servicios de gestión de residuos,3
39.00,Actividades de descontaminación y otros servicios de gestión de residuos,39.00,Actividades de descontaminación y otros servicios de gestión de residuos,4
41,Construcción de edificios,41,Construcción de edificios,2
41.2,Construcción de edificios,41.0,Construcción de edificios,3
41.21,Construcción de edificios residenciales,41.01,Construcción de edificios residenciales,4
41.22,Construcción de edificios no residenciales,41.02,Construcción de edificios no residenciales,4
42,Ingeniería civil,42,Ingeniería civil,2
43,Actividades de construcción especializada,42,Ingeniería civil,2
42.1,"Construcción de carreteras y vías férreas, puentes y túneles",42.1,"Construcción de carreteras y vías férreas, puentes y túneles",3
42.11,Construcción de carreteras y autopistas,42.11,Construcción de carreteras y autopistas,4
42.12,Construcción de vías férreas de superficie y subterráneas,42.12,Construcción de vías férreas de superficie y subterráneas,4
42.13,Construcción de puentes y túneles,42.13,Construcción de puentes y túneles,4
42.2,Construcción de redes,42.2,Construcción de redes,3
42.21,Construcción de redes para fluidos,42.21,Construcción de redes para fluidos,4
42.22,Construcción de redes eléctricas y de telecomunicaciones,42.22,Construcción de redes eléctricas y de telecomunicaciones,4
42.9,Construcción de otros proyectos de ingeniería civil,42.9,Construcción de otros proyectos de ingeniería civil,3
43.9,Otras actividades de construcción especializada,42.9,Construcción de otros proyectos de ingeniería civil,3
42.91,Obras hidráulicas,42.91,Obras hidráulicas,4
42.99,Construcción de otros proyectos de ingeniería civil n.c.o.p.,42.99,Construcción de otros proyectos de ingeniería civil n.c.o.p.,4
43.99,Otras actividades de construcción especializada n.c.o.p.,42.99,Construcción de otros proyectos de ingeniería civil n.c.o.p.,4
41,Construcción de edificios,43,Actividades de construcción especializada,2
42,Ingeniería civil,43,Actividades de construcción especializada,2
43,Actividades de construcción especializada,43,Actividades de construcción especializada,2
82,Actividades administrativas de oficina y otras actividades auxiliares a las empresas,43,Actividades de construcción especializada,2
43.1,Demolición y preparación de terrenos,43.1,Demolición y preparación de terrenos,3
43.11,Demolición,43.11,Demolición,4
43.12,Preparación de terrenos,43.12,Preparación de terrenos,4
43.13,Perforaciones y sondeos,43.13,Perforaciones y sondeos,4
43.2,"Instalaciones eléctricas, de fontanería y otras instalaciones en obras de construcción",43.2,"Instalaciones eléctricas, de fontanería y otras instalaciones en obras de construcción",3
43.3,Acabado de edificios,43.2,"Instalaciones eléctricas, de fontanería y otras instalaciones en obras de construcción",3
43.9,Otras actividades de construcción especializada,43.2,"Instalaciones eléctricas, de fontanería y otras instalaciones en obras de construcción",3
43.21,Instalaciones eléctricas,43.21,Instalaciones eléctricas,4
43.22,"Fontanería, instalaciones de sistemas de calefacción y aire acondicionado",43.22,"Fontanería, instalación de sistemas de calefacción y aire acondicionado",4
43.99,Otras actividades de construcción especializada n.c.o.p.,43.22,"Fontanería, instalación de sistemas de calefacción y aire acondicionado",4
43.29,Otras instalaciones en obras de construcción,43.23,Instalación de aislamientos,4
43.39,Otro acabado de edificios,43.23,Instalación de aislamientos,4
43.99,Otras actividades de construcción especializada n.c.o.p.,43.23,Instalación de aislamientos,4
43.29,Otras instalaciones en obras de construcción,43.24,Otras instalaciones en obras de construcción,4
43.3,Acabado de edificios,43.3,Acabado de edificios,3
43.9,Otras actividades de construcción especializada,43.3,Acabado de edificios,3
43.31,Revocamiento,43.31,Revocamiento,4
43.39,Otro acabado de edificios,43.31,Revocamiento,4
43.32,Instalación de carpintería,43.32,Instalación de carpintería,4
43.39,Otro acabado de edificios,43.32,Instalación de carpintería,4
43.33,Revestimiento de suelos y paredes,43.33,Revestimiento de suelos y paredes,4
43.39,Otro acabado de edificios,43.33,Revestimiento de suelos y paredes,4
43.34,Pintura y acristalamiento,43.34,Pintura y acristalamiento,4
43.39,Otro acabado de edificios,43.34,Pintura y acristalamiento,4
43.39,Otro acabado de edificios,43.35,Otros acabados de edificios,4
43.99,Otras actividades de construcción especializada n.c.o.p.,43.35,Otros acabados de edificios,4
43.9,Otras actividades de construcción especializada,43.4,Actividades de construcción especializada en la construcción de edificios,3
43.91,Construcción de cubiertas,43.41,Construcción de cubiertas,4
43.99,Otras actividades de construcción especializada n.c.o.p.,43.41,Construcción de cubiertas,4
43.99,Otras actividades de construcción especializada n.c.o.p.,43.42,Otras actividades de construcción especializada en la construcción de edificios,4
42.1,"Construcción de carreteras y vías férreas, puentes y túneles",43.5,Actividades de construcción especializada en ingeniería civil,3
43.9,Otras actividades de construcción especializada,43.5,Actividades de construcción especializada en ingeniería civil,3
42.11,Construcción de carreteras y autopistas,43.50,Actividades de construcción especializada en ingeniería civil,4
43.99,Otras actividades de construcción especializada n.c.o.p.,43.50,Actividades de construcción especializada en ingeniería civil,4
82.9,Actividades de apoyo a las empresas n.c.o.p.,43.6,Actividades de intermediación para servicios de construcción especializada,3
82.99,Otras actividades de apoyo a las empresas n.c.o.p.,43.60,Actividades de intermediación para servicios de construcción especializada,4
41.2,Construcción de edificios,43.9,Otras actividades de construcción especializada,3
43.9,Otras actividades de construcción especializada,43.9,Otras actividades de construcción especializada,3
43.99,Otras actividades de construcción especializada n.c.o.p.,43.91,Actividades de mampostería y albañilería,4
41.21,Construcción de edificios residenciales,43.99,Otras actividades de construcción especializada n.c.o.p.,4
41.22,Construcción de edificios no residenciales,43.99,Otras actividades de construcción especializada n.c.o.p.,4
43.99,Otras actividades de construcción especializada n.c.o.p.,43.99,Otras actividades de construcción especializada n.c.o.p.,4
45,Venta y reparación de vehículos de motor y motocicletas,46,Comercio al por mayor,2
46,"Comercio al por mayor e intermediarios del comercio, excepto de vehículos de motor y motocicletas",46,Comercio al por mayor,2
82,Actividades administrativas de oficina y otras actividades auxiliares a las empresas,46,Comercio al por mayor,2
45.1,Venta de vehículos de motor,46.1,Intermediarios del comercio al por mayor,3
45.3,Comercio de repuestos y accesorios de vehículos de motor,46.1,Intermediarios del comercio al por mayor,3
45.4,"Venta, mantenimiento y reparación de motocicletas y de sus repuestos y accesorios",46.1,Intermediarios del comercio al por mayor,3
46.1,Intermediarios del comercio,46.1,Intermediarios del comercio al por mayor,3
82.9,Actividades de apoyo a las empresas n.c.o.p.,46.1,Intermediarios del comercio al por mayor,3
46.11,"Intermediarios del comercio de materias primas agrarias, animales vivos, materias primas textiles y productos semielaborados",46.11,"Actividades de intermediarios del comercio al por mayor de materias primas agrarias, animales vivos, materias primas textiles y productos semielaborados",4
82.99,Otras actividades de apoyo a las empresas n.c.o.p.,46.11,"Actividades de intermediarios del comercio al por mayor de materias primas agrarias, animales vivos, materias primas textiles y productos semielaborados",4
46.12,"Intermediarios del comercio de combustibles, minerales, metales y productos químicos industriales",46.12,"Actividades de intermediarios del comercio al por mayor de combustibles, minerales, metales y productos químicos industriales",4
82.99,Otras actividades de apoyo a las empresas n.c.o.p.,46.12,"Actividades de intermediarios del comercio al por mayor de combustibles, minerales, metales y productos químicos industriales",4
46.13,Intermediarios del comercio de la madera y materiales de construcción,46.13,Actividades de intermediarios del comercio al por mayor de la madera y materiales de construcción,4
82.99,Otras actividades de apoyo a las empresas n.c.o.p.,46.13,Actividades de intermediarios del comercio al por mayor de la madera y materiales de construcción,4
46.14,"Intermediarios del comercio de maquinaria, equipo industrial, embarcaciones y aeronaves",46.14,"Actividades de intermediarios del comercio al por mayor de maquinaria, equipo industrial, embarcaciones y aeronaves",4
82.99,Otras actividades de apoyo a las empresas n.c.o.p.,46.14,"Actividades de intermediarios del comercio al por mayor de maquinaria, equipo industrial, embarcaciones y aeronaves",4
46.15,"Intermediarios del comercio de muebles, artículos para el hogar y ferretería",46.15,"Actividades de intermediarios del comercio al por mayor de muebles, artículos para el hogar y ferretería",4
82.99,Otras actividades de apoyo a las empresas n.c.o.p.,46.15,"Actividades de intermediarios del comercio al por mayor de muebles, artículos para el hogar y ferretería",4
46.16,"Intermediarios del comercio de textiles, prendas de vestir, peletería, calzado y artículos de cuero",46.16,"Actividades de intermediarios del comercio al por mayor de textiles, prendas de vestir, peletería, calzado y artículos de cuero",4
82.99,Otras actividades de apoyo a las empresas n.c.o.p.,46.16,"Actividades de intermediarios del comercio al por mayor de textiles, prendas de vestir, peletería, calzado y artículos de cuero",4
46.17,"Intermediarios del comercio de productos alimenticios, bebidas y tabaco",46.17,"Actividades de intermediarios del comercio al por mayor de productos alimenticios, bebidas y tabaco",4
82.99,Otras actividades de apoyo a las empresas n.c.o.p.,46.17,"Actividades de intermediarios del comercio al por mayor de productos alimenticios, bebidas y tabaco",4
45.11,Venta de automóviles y vehículos de motor ligeros,46.18,Actividades de intermediarios del comercio al por mayor de otros productos específicos,4
45.19,Venta de otros vehículos de motor,46.18,Actividades de intermediarios del comercio al por mayor de otros productos específicos,4
45.31,Comercio al por mayor de repuestos y accesorios de vehículos de motor,46.18,Actividades de intermediarios del comercio al por mayor de otros productos específicos,4
45.40,"Venta, mantenimiento y reparación de motocicletas y de sus repuestos y accesorios",46.18,Actividades de intermediarios del comercio al por mayor de otros productos específicos,4
46.18,Intermediarios del comercio especializados en la venta de otros productos específicos,46.18,Actividades de intermediarios del comercio al por mayor de otros productos específicos,4
82.99,Otras actividades de apoyo a las empresas n.c.o.p.,46.18,Actividades de intermediarios del comercio al por mayor de otros productos específicos,4
46.19,Intermediarios del comercio de productos diversos,46.19,Actividades de los agentes del comercio al por mayor no especializado,4
82.99,Otras actividades de apoyo a las empresas n.c.o.p.,46.19,Actividades de los agentes del comercio al por mayor no especializado,4
46.2,Comercio al por mayor de materias primas agrarias y de animales vivos,46.2,Comercio al por mayor de materias primas agrarias y de animales vivos,3
46.21,"Comercio al por mayor de cereales, tabaco en rama, simientes y alimentos para animales",46.21,"Comercio al por mayor de cereales, tabaco en rama, simientes y alimentos para animales",4
46.22,Comercio al por mayor de flores y plantas,46.22,Comercio al por mayor de flores y plantas,4
46.23,Comercio al por mayor de animales vivos,46.23,Comercio al por mayor de animales vivos,4
46.24,Comercio al por mayor de cueros y pieles,46.24,Comercio al por mayor de cueros y pieles,4
46.3,"Comercio al por mayor de productos alimenticios, bebidas y tabaco",46.3,"Comercio al por mayor de productos alimenticios, bebidas y tabaco",3
46.31,Comercio al por mayor de frutas y hortalizas,46.31,Comercio al por mayor de frutas y hortalizas,4
46.32,Comercio al por mayor de carne y productos cárnicos,46.32,"Comercio al por mayor de carne, productos cárnicos; pescado y productos del pescado",4
46.38,Comercio al por mayor de pescados y mariscos y otros productos alimenticios,46.32,"Comercio al por mayor de carne, productos cárnicos; pescado y productos del pescado",4
46.33,"Comercio al por mayor de productos lácteos, huevos, aceites y grasas comestibles",46.33,"Comercio al por mayor de productos lácteos, huevos, aceites y grasas comestibles",4
46.34,Comercio al por mayor de bebidas,46.34,Comercio al por mayor de bebidas,4
46.35,Comercio al por mayor de productos del tabaco,46.35,Comercio al por mayor de productos del tabaco,4
46.36,"Comercio al por mayor de azúcar, chocolate y confitería",46.36,"Comercio al por mayor de azúcar, chocolate y confitería",4
46.37,"Comercio al por mayor de café, té, cacao y especias",46.37,"Comercio al por mayor de café, té, cacao y especias",4
46.38,Comercio al por mayor de pescados y mariscos y otros productos alimenticios,46.38,Comercio al por mayor de otros alimentos,4
46.39,"Comercio al por mayor, no especializado, de productos alimenticios, bebidas y tabaco",46.39,"Comercio al por mayor, no especializado, de productos alimenticios, bebidas y tabaco",4
46.4,Comercio al por mayor de artículos de uso doméstico,46.4,Comercio al por mayor de artículos de uso doméstico,3
46.6,"Comercio al por mayor de otra maquinaria, equipos y suministros",46.4,Comercio al por mayor de artículos de uso doméstico,3
46.41,Comercio al por mayor de textiles,46.41,Comercio al por mayor de textiles,4
46.42,Comercio al por mayor de prendas de vestir y calzado,46.42,Comercio al por mayor de prendas de vestir y calzado,4
46.43,Comercio al por mayor de aparatos electrodomésticos,46.43,Comercio al por mayor de aparatos electrodomésticos,4
46.44,"Comercio al por mayor de porcelana, cristalería y artículos de limpieza",46.44,"Comercio al por mayor de porcelana, cristalería y artículos de limpieza",4
46.45,Comercio al por mayor de productos perfumería y cosmética,46.45,Comercio al por mayor de productos de perfumería y cosmética,4
46.46,Comercio al por mayor de productos farmacéuticos,46.46,Comercio al por mayor de productos farmacéuticos y médicos,4
46.47,"Comercio al por mayor de muebles, alfombras y aparatos de iluminación",46.47,"Comercio al por mayor de muebles para el hogar, oficinas y establecimientos comerciales, alfombras y aparatos de iluminación",4
46.65,Comercio al por mayor de muebles de oficina,46.47,"Comercio al por mayor de muebles para el hogar, oficinas y establecimientos comerciales, alfombras y aparatos de iluminación",4
46.48,Comercio al por mayor de artículos de relojería y joyería,46.48,Comercio al por mayor de artículos de relojería y joyería,4
46.43,Comercio al por mayor de aparatos electrodomésticos,46.49,Comercio al por mayor de otros artículos de uso doméstico,4
46.49,Comercio al por mayor de otros artículos de uso doméstico,46.49,Comercio al por mayor de otros artículos de uso doméstico,4
46.5,Comercio al por mayor de equipos para las tecnologías de la información y las comunicaciones,46.5,Comercio al por mayor de equipos para las tecnologías de la información y las comunicaciones,3
46.6,"Comercio al por mayor de otra maquinaria, equipos y suministros",46.5,Comercio al por mayor de equipos para las tecnologías de la información y las comunicaciones,3
46.51,"Comercio al por mayor de ordenadores, equipos periféricos y programas informáticos",46.50,Comercio al por mayor de equipos para las tecnologías de la información y las comunicaciones,4
46.52,Comercio al por mayor de equipos electrónicos y de telecomunicaciones y sus componentes,46.50,Comercio al por mayor de equipos para las tecnologías de la información y las comunicaciones,4
46.66,Comercio al por mayor de otra maquinaria y equipo de oficina,46.50,Comercio al por mayor de equipos para las tecnologías de la información y las comunicaciones,4
46.4,Comercio al por mayor de artículos de uso doméstico,46.6,"Comercio al por mayor de otra maquinaria, equipos y suministros",3
46.6,"Comercio al por mayor de otra maquinaria, equipos y suministros",46.6,"Comercio al por mayor de otra maquinaria, equipos y suministros",3
46.61,"Comercio al por mayor de maquinaria, equipos y suministros agrícolas",46.61,"Comercio al por mayor de maquinaria, equipos y suministros agrícolas",4
46.62,Comercio al por mayor de máquinas herramienta,46.62,Comercio al por mayor de máquinas herramienta,4
46.63,"Comercio al por mayor de maquinaria para la minería, la construcción y la ingeniería civil",46.63,"Comercio al por mayor de maquinaria para la minería, la construcción y la ingeniería civil",4
46.43,Comercio al por mayor de aparatos electrodomésticos,46.64,Comercio al por mayor de otra maquinaria y equipo,4
46.64,Comercio al por mayor de maquinaria para la industria textil y de máquinas de coser y tricotar,46.64,Comercio al por mayor de otra maquinaria y equipo,4
46.69,Comercio al por mayor de otra maquinaria y equipo,46.64,Comercio al por mayor de otra maquinaria y equipo,4
45.1,Venta de vehículos de motor,46.7,"Comercio al por mayor de vehículos de motor, motocicletas y sus repuestos y accesorios",3
45.3,Comercio de repuestos y accesorios de vehículos de motor,46.7,"Comercio al por mayor de vehículos de motor, motocicletas y sus repuestos y accesorios",3
45.4,"Venta, mantenimiento y reparación de motocicletas y de sus repuestos y accesorios",46.7,"Comercio al por mayor de vehículos de motor, motocicletas y sus repuestos y accesorios",3
45.11,Venta de automóviles y vehículos de motor ligeros,46.71,Comercio al por mayor de vehículos de motor,4
45.19,Venta de otros vehículos de motor,46.71,Comercio al por mayor de vehículos de motor,4
45.31,Comercio al por mayor de repuestos y accesorios de vehículos de motor,46.72,Comercio al por mayor de repuestos y accesorios de vehículos de motor,4
45.40,"Venta, mantenimiento y reparación de motocicletas y de sus repuestos y accesorios",46.73,"Comercio al por mayor de motocicletas, y repuestos y accesorios de motocicletas",4
45.3,Comercio de repuestos y accesorios de vehículos de motor,46.8,Otro comercio al por mayor especializado,3
45.4,"Venta, mantenimiento y reparación de motocicletas y de sus repuestos y accesorios",46.8,Otro comercio al por mayor especializado,3
46.2,Comercio al por mayor de materias primas agrarias y de animales vivos,46.8,Otro comercio al por mayor especializado,3
46.3,"Comercio al por mayor de productos alimenticios, bebidas y tabaco",46.8,Otro comercio al por mayor especializado,3
46.4,Comercio al por mayor de artículos de uso doméstico,46.8,Otro comercio al por mayor especializado,3
46.5,Comercio al por mayor de equipos para las tecnologías de la información y las comunicaciones,46.8,Otro comercio al por mayor especializado,3
46.6,"Comercio al por mayor de otra maquinaria, equipos y suministros",46.8,Otro comercio al por mayor especializado,3
46.7,Otro comercio al por mayor especializado,46.8,Otro comercio al por mayor especializado,3
46.9,Comercio al por mayor no especializado,46.8,Otro comercio al por mayor especializado,3
46.71,"Comercio al por mayor de combustibles sólidos, líquidos y gaseosos, y productos similares",46.81,"Comercio al por mayor de combustibles sólidos, líquidos y gaseosos, y productos similares",4
46.72,Comercio al por mayor de metales y minerales metálicos,46.82,Comercio al por mayor de metales y minerales metálicos,4
46.73,"Comercio al por mayor de madera, materiales de construcción y aparatos sanitarios",46.83,"Comercio al por mayor de madera, materiales de construcción y aparatos sanitarios",4
46.74,"Comercio al por mayor de ferretería, fontanería y calefacción",46.84,"Comercio al por mayor de equipos y suministros de ferretería, fontanería y calefacción",4
46.75,Comercio al por mayor de productos químicos,46.85,Comercio al por mayor de productos químicos,4
46.76,Comercio al por mayor de otros productos semielaborados,46.86,Comercio al por mayor de otros productos semielaborados,4
46.77,Comercio al por mayor de chatarra y productos de desecho,46.87,Comercio al por mayor de chatarra y productos de desecho,4
45.31,Comercio al por mayor de repuestos y accesorios de vehículos de motor,46.89,Otro comercio al por mayor especializado n.c.o.p.,4
45.40,"Venta, mantenimiento y reparación de motocicletas y de sus repuestos y accesorios",46.89,Otro comercio al por mayor especializado n.c.o.p.,4
46.21,"Comercio al por mayor de cereales, tabaco en rama, simientes y alimentos para animales",46.89,Otro comercio al por mayor especializado n.c.o.p.,4
46.22,Comercio al por mayor de flores y plantas,46.89,Otro comercio al por mayor especializado n.c.o.p.,4
46.23,Comercio al por mayor de animales vivos,46.89,Otro comercio al por mayor especializado n.c.o.p.,4
46.24,Comercio al por mayor de cueros y pieles,46.89,Otro comercio al por mayor especializado n.c.o.p.,4
46.31,Comercio al por mayor de frutas y hortalizas,46.89,Otro comercio al por mayor especializado n.c.o.p.,4
46.32,Comercio al por mayor de carne y productos cárnicos,46.89,Otro comercio al por mayor especializado n.c.o.p.,4
46.33,"Comercio al por mayor de productos lácteos, huevos, aceites y grasas comestibles",46.89,Otro comercio al por mayor especializado n.c.o.p.,4
46.34,Comercio al por mayor de bebidas,46.89,Otro comercio al por mayor especializado n.c.o.p.,4
46.35,Comercio al por mayor de productos del tabaco,46.89,Otro comercio al por mayor especializado n.c.o.p.,4
46.36,"Comercio al por mayor de azúcar, chocolate y confitería",46.89,Otro comercio al por mayor especializado n.c.o.p.,4
46.37,"Comercio al por mayor de café, té, cacao y especias",46.89,Otro comercio al por mayor especializado n.c.o.p.,4
46.38,Comercio al por mayor de pescados y mariscos y otros productos alimenticios,46.89,Otro comercio al por mayor especializado n.c.o.p.,4
46.39,"Comercio al por mayor, no especializado, de productos alimenticios, bebidas y tabaco",46.89,Otro comercio al por mayor especializado n.c.o.p.,4
46.41,Comercio al por mayor de textiles,46.89,Otro comercio al por mayor especializado n.c.o.p.,4
46.42,Comercio al por mayor de prendas de vestir y calzado,46.89,Otro comercio al por mayor especializado n.c.o.p.,4
46.43,Comercio al por mayor de aparatos electrodomésticos,46.89,Otro comercio al por mayor especializado n.c.o.p.,4
46.44,"Comercio al por mayor de porcelana, cristalería y artículos de limpieza",46.89,Otro comercio al por mayor especializado n.c.o.p.,4
46.45,Comercio al por mayor de productos perfumería y cosmética,46.89,Otro comercio al por mayor especializado n.c.o.p.,4
46.46,Comercio al por mayor de productos farmacéuticos,46.89,Otro comercio al por mayor especializado n.c.o.p.,4
46.47,"Comercio al por mayor de muebles, alfombras y aparatos de iluminación",46.89,Otro comercio al por mayor especializado n.c.o.p.,4
46.48,Comercio al por mayor de artículos de relojería y joyería,46.89,Otro comercio al por mayor especializado n.c.o.p.,4
46.49,Comercio al por mayor de otros artículos de uso doméstico,46.89,Otro comercio al por mayor especializado n.c.o.p.,4
46.51,"Comercio al por mayor de ordenadores, equipos periféricos y programas informáticos",46.89,Otro comercio al por mayor especializado n.c.o.p.,4
46.52,Comercio al por mayor de equipos electrónicos y de telecomunicaciones y sus componentes,46.89,Otro comercio al por mayor especializado n.c.o.p.,4
46.61,"Comercio al por mayor de maquinaria, equipos y suministros agrícolas",46.89,Otro comercio al por mayor especializado n.c.o.p.,4
46.62,Comercio al por mayor de máquinas herramienta,46.89,Otro comercio al por mayor especializado n.c.o.p.,4
46.63,"Comercio al por mayor de maquinaria para la minería, la construcción y la ingeniería civil",46.89,Otro comercio al por mayor especializado n.c.o.p.,4
46.64,Comercio al por mayor de maquinaria para la industria textil y de máquinas de coser y tricotar,46.89,Otro comercio al por mayor especializado n.c.o.p.,4
46.65,Comercio al por mayor de muebles de oficina,46.89,Otro comercio al por mayor especializado n.c.o.p.,4
46.66,Comercio al por mayor de otra maquinaria y equipo de oficina,46.89,Otro comercio al por mayor especializado n.c.o.p.,4
46.69,Comercio al por mayor de otra maquinaria y equipo,46.89,Otro comercio al por mayor especializado n.c.o.p.,4
46.71,"Comercio al por mayor de combustibles sólidos, líquidos y gaseosos, y productos similares",46.89,Otro comercio al por mayor especializado n.c.o.p.,4
46.72,Comercio al por mayor de metales y minerales metálicos,46.89,Otro comercio al por mayor especializado n.c.o.p.,4
46.73,"Comercio al por mayor de madera, materiales de construcción y aparatos sanitarios",46.89,Otro comercio al por mayor especializado n.c.o.p.,4
46.74,"Comercio al por mayor de ferretería, fontanería y calefacción",46.89,Otro comercio al por mayor especializado n.c.o.p.,4
46.75,Comercio al por mayor de productos químicos,46.89,Otro comercio al por mayor especializado n.c.o.p.,4
46.76,Comercio al por mayor de otros productos semielaborados,46.89,Otro comercio al por mayor especializado n.c.o.p.,4
46.77,Comercio al por mayor de chatarra y productos de desecho,46.89,Otro comercio al por mayor especializado n.c.o.p.,4
46.90,Comercio al por mayor no especializado,46.89,Otro comercio al por mayor especializado n.c.o.p.,4
46.9,Comercio al por mayor no especializado,46.9,Comercio al por mayor no especializado,3
46.90,Comercio al por mayor no especializado,46.90,Comercio al por mayor no especializado,4
45,Venta y reparación de vehículos de motor y motocicletas,47,Comercio al por menor,2
47,"Comercio al por menor, excepto de vehículos de motor y motocicletas",47,Comercio al por menor,2
82,Actividades administrativas de oficina y otras actividades auxiliares a las empresas,47,Comercio al por menor,2
47.1,Comercio al por menor en establecimientos no especializados,47.1,Comercio al por menor no especializado,3
47.8,Comercio al por menor en puestos de venta y en mercadillos,47.1,Comercio al por menor no especializado,3
47.9,"Comercio al por menor no realizado ni en establecimientos, ni en puestos de venta ni en mercadillos",47.1,Comercio al por menor no especializado,3
47.11,"Comercio al por menor en establecimientos no especializados, con predominio en productos alimenticios, bebidas y tabaco",47.11,"Comercio al por menor no especializado con predominio de productos alimenticios, bebidas y tabaco",4
47.81,"Comercio al por menor de productos alimenticios, bebidas y tabaco en puestos de venta y en mercadillos",47.11,"Comercio al por menor no especializado con predominio de productos alimenticios, bebidas y tabaco",4
47.91,Comercio al por menor por correspondencia o Internet,47.11,"Comercio al por menor no especializado con predominio de productos alimenticios, bebidas y tabaco",4
47.99,"Otro comercio al por menor no realizado ni en establecimientos, ni en puestos de venta ni en mercadillos",47.11,"Comercio al por menor no especializado con predominio de productos alimenticios, bebidas y tabaco",4
47.19,Otro comercio al por menor en establecimientos no especializados,47.12,Otro comercio al por menor no especializado,4
47.82,"Comercio al por menor de productos textiles, prendas de vestir y calzado en puestos de venta y en mercadillos",47.12,Otro comercio al por menor no especializado,4
47.89,Comercio al por menor de otros productos en puestos de venta y en mercadillos,47.12,Otro comercio al por menor no especializado,4
47.91,Comercio al por menor por correspondencia o Internet,47.12,Otro comercio al por menor no especializado,4
47.99,"Otro comercio al por menor no realizado ni en establecimientos, ni en puestos de venta ni en mercadillos",47.12,Otro comercio al por menor no especializado,4
47.2,"Comercio al por menor de productos alimenticios, bebidas y tabaco en establecimientos especializados",47.2,"Comercio al por menor de productos alimenticios, bebidas y tabaco",3
47.8,Comercio al por menor en puestos de venta y en mercadillos,47.2,"Comercio al por menor de productos alimenticios, bebidas y tabaco",3
47.9,"Comercio al por menor no realizado ni en establecimientos, ni en puestos de venta ni en mercadillos",47.2,"Comercio al por menor de productos alimenticios, bebidas y tabaco",3
47.21,Comercio al por menor de frutas y hortalizas en establecimientos especializados,47.21,Comercio al por menor de frutas y verduras,4
47.81,"Comercio al por menor de productos alimenticios, bebidas y tabaco en puestos de venta y en mercadillos",47.21,Comercio al por menor de frutas y verduras,4
47.91,Comercio al por menor por correspondencia o Internet,47.21,Comercio al por menor de frutas y verduras,4
47.99,"Otro comercio al por menor no realizado ni en establecimientos, ni en puestos de venta ni en mercadillos",47.21,Comercio al por menor de frutas y verduras,4
47.22,Comercio al por menor de carne y productos cárnicos en establecimientos especializados,47.22,Comercio al por menor de carne y productos cárnicos,4
47.81,"Comercio al por menor de productos alimenticios, bebidas y tabaco en puestos de venta y en mercadillos",47.22,Comercio al por menor de carne y productos cárnicos,4
47.91,Comercio al por menor por correspondencia o Internet,47.22,Comercio al por menor de carne y productos cárnicos,4
47.99,"Otro comercio al por menor no realizado ni en establecimientos, ni en puestos de venta ni en mercadillos",47.22,Comercio al por menor de carne y productos cárnicos,4
47.23,Comercio al por menor de pescados y mariscos en establecimientos especializados,47.23,Comercio al por menor de pescados y mariscos,4
47.81,"Comercio al por menor de productos alimenticios, bebidas y tabaco en puestos de venta y en mercadillos",47.23,Comercio al por menor de pescados y mariscos,4
47.91,Comercio al por menor por correspondencia o Internet,47.23,Comercio al por menor de pescados y mariscos,4
47.99,"Otro comercio al por menor no realizado ni en establecimientos, ni en puestos de venta ni en mercadillos",47.23,Comercio al por menor de pescados y mariscos,4
47.24,"Comercio al por menor de pan y productos de panadería, confitería y pastelería en establecimientos especializados",47.24,"Comercio al por menor de pan, productos de panadería y confitería",4
47.81,"Comercio al por menor de productos alimenticios, bebidas y tabaco en puestos de venta y en mercadillos",47.24,"Comercio al por menor de pan, productos de panadería y confitería",4
47.91,Comercio al por menor por correspondencia o Internet,47.24,"Comercio al por menor de pan, productos de panadería y confitería",4
47.99,"Otro comercio al por menor no realizado ni en establecimientos, ni en puestos de venta ni en mercadillos",47.24,"Comercio al por menor de pan, productos de panadería y confitería",4
47.25,Comercio al por menor de bebidas en establecimientos especializados,47.25,Comercio al por menor de bebidas,4
47.81,"Comercio al por menor de productos alimenticios, bebidas y tabaco en puestos de venta y en mercadillos",47.25,Comercio al por menor de bebidas,4
47.91,Comercio al por menor por correspondencia o Internet,47.25,Comercio al por menor de bebidas,4
47.99,"Otro comercio al por menor no realizado ni en establecimientos, ni en puestos de venta ni en mercadillos",47.25,Comercio al por menor de bebidas,4
47.26,Comercio al por menor de productos de tabaco en establecimientos especializados,47.26,Comercio al por menor de productos de tabaco,4
47.81,"Comercio al por menor de productos alimenticios, bebidas y tabaco en puestos de venta y en mercadillos",47.26,Comercio al por menor de productos de tabaco,4
47.91,Comercio al por menor por correspondencia o Internet,47.26,Comercio al por menor de productos de tabaco,4
47.99,"Otro comercio al por menor no realizado ni en establecimientos, ni en puestos de venta ni en mercadillos",47.26,Comercio al por menor de productos de tabaco,4
47.29,Otro comercio al por menor de productos alimenticios en establecimientos especializados,47.27,Comercio al por menor de otros productos alimenticios,4
47.81,"Comercio al por menor de productos alimenticios, bebidas y tabaco en puestos de venta y en mercadillos",47.27,Comercio al por menor de otros productos alimenticios,4
47.91,Comercio al por menor por correspondencia o Internet,47.27,Comercio al por menor de otros productos alimenticios,4
47.99,"Otro comercio al por menor no realizado ni en establecimientos, ni en puestos de venta ni en mercadillos",47.27,Comercio al por menor de otros productos alimenticios,4
47.3,Comercio al por menor de combustible para la automoción en establecimientos especializados,47.3,Comercio al por menor de combustible para la automoción,3
47.30,Comercio al por menor de combustible para la automoción en establecimientos especializados,47.30,Comercio al por menor de combustible para la automoción,4
47.4,Comercio al por menor de equipos para las tecnologías de la información y las comunicaciones en establecimientos especializados,47.4,Comercio al por menor de equipos para las tecnologías de la información y las comunicaciones,3
47.8,Comercio al por menor en puestos de venta y en mercadillos,47.4,Comercio al por menor de equipos para las tecnologías de la información y las comunicaciones,3
47.9,"Comercio al por menor no realizado ni en establecimientos, ni en puestos de venta ni en mercadillos",47.4,Comercio al por menor de equipos para las tecnologías de la información y las comunicaciones,3
47.41,"Comercio al por menor de ordenadores, equipos periféricos y programas informáticos en establecimientos especializados",47.40,Comercio al por menor de equipos para las tecnologías de la información y las comunicaciones,4
47.42,Comercio al por menor de equipos de telecomunicaciones en establecimientos especializados,47.40,Comercio al por menor de equipos para las tecnologías de la información y las comunicaciones,4
47.43,Comercio al por menor de equipos de audio y vídeo en establecimientos especializados,47.40,Comercio al por menor de equipos para las tecnologías de la información y las comunicaciones,4
47.89,Comercio al por menor de otros productos en puestos de venta y en mercadillos,47.40,Comercio al por menor de equipos para las tecnologías de la información y las comunicaciones,4
47.91,Comercio al por menor por correspondencia o Internet,47.40,Comercio al por menor de equipos para las tecnologías de la información y las comunicaciones,4
47.99,"Otro comercio al por menor no realizado ni en establecimientos, ni en puestos de venta ni en mercadillos",47.40,Comercio al por menor de equipos para las tecnologías de la información y las comunicaciones,4
47.5,Comercio al por menor de otros artículos de uso doméstico en establecimientos especializados,47.5,Comercio al por menor de otros artículos de uso doméstico,3
47.7,Comercio al por menor de otros artículos en establecimientos especializados,47.5,Comercio al por menor de otros artículos de uso doméstico,3
47.8,Comercio al por menor en puestos de venta y en mercadillos,47.5,Comercio al por menor de otros artículos de uso doméstico,3
47.9,"Comercio al por menor no realizado ni en establecimientos, ni en puestos de venta ni en mercadillos",47.5,Comercio al por menor de otros artículos de uso doméstico,3
47.51,Comercio al por menor de textiles en establecimientos especializados,47.51,Comercio al por menor de textiles,4
47.82,"Comercio al por menor de productos textiles, prendas de vestir y calzado en puestos de venta y en mercadillos",47.51,Comercio al por menor de textiles,4
47.91,Comercio al por menor por correspondencia o Internet,47.51,Comercio al por menor de textiles,4
47.99,"Otro comercio al por menor no realizado ni en establecimientos, ni en puestos de venta ni en mercadillos",47.51,Comercio al por menor de textiles,4
47.52,"Comercio al por menor de ferretería, pintura y vidrio en establecimientos especializados",47.52,"Comercio al por menor de ferretería, materiales de construcción, pinturas y vidrio",4
47.59,"Comercio al por menor de muebles, aparatos de iluminación y otros artículos de uso doméstico en establecimientos especializados",47.52,"Comercio al por menor de ferretería, materiales de construcción, pinturas y vidrio",4
47.89,Comercio al por menor de otros productos en puestos de venta y en mercadillos,47.52,"Comercio al por menor de ferretería, materiales de construcción, pinturas y vidrio",4
47.91,Comercio al por menor por correspondencia o Internet,47.52,"Comercio al por menor de ferretería, materiales de construcción, pinturas y vidrio",4
47.99,"Otro comercio al por menor no realizado ni en establecimientos, ni en puestos de venta ni en mercadillos",47.52,"Comercio al por menor de ferretería, materiales de construcción, pinturas y vidrio",4
47.53,"Comercio al por menor de alfombras, moquetas y revestimientos de paredes y suelos en establecimientos especializados",47.53,"Comercio al por menor de alfombras, moquetas y revestimientos de paredes y suelos",4
47.89,Comercio al por menor de otros productos en puestos de venta y en mercadillos,47.53,"Comercio al por menor de alfombras, moquetas y revestimientos de paredes y suelos",4
47.91,Comercio al por menor por correspondencia o Internet,47.53,"Comercio al por menor de alfombras, moquetas y revestimientos de paredes y suelos",4
47.99,"Otro comercio al por menor no realizado ni en establecimientos, ni en puestos de venta ni en mercadillos",47.53,"Comercio al por menor de alfombras, moquetas y revestimientos de paredes y suelos",4
47.54,Comercio al por menor de aparatos electrodomésticos en establecimientos especializados,47.54,Comercio al por menor de aparatos electrodomésticos,4
47.89,Comercio al por menor de otros productos en puestos de venta y en mercadillos,47.54,Comercio al por menor de aparatos electrodomésticos,4
47.91,Comercio al por menor por correspondencia o Internet,47.54,Comercio al por menor de aparatos electrodomésticos,4
47.99,"Otro comercio al por menor no realizado ni en establecimientos, ni en puestos de venta ni en mercadillos",47.54,Comercio al por menor de aparatos electrodomésticos,4
47.59,"Comercio al por menor de muebles, aparatos de iluminación y otros artículos de uso doméstico en establecimientos especializados",47.55,"Comercio al por menor de muebles, aparatos de iluminación, vajilla y otros artículos de uso doméstico",4
47.78,Otro comercio al por menor de artículos nuevos en establecimientos especializados,47.55,"Comercio al por menor de muebles, aparatos de iluminación, vajilla y otros artículos de uso doméstico",4
47.89,Comercio al por menor de otros productos en puestos de venta y en mercadillos,47.55,"Comercio al por menor de muebles, aparatos de iluminación, vajilla y otros artículos de uso doméstico",4
47.91,Comercio al por menor por correspondencia o Internet,47.55,"Comercio al por menor de muebles, aparatos de iluminación, vajilla y otros artículos de uso doméstico",4
47.99,"Otro comercio al por menor no realizado ni en establecimientos, ni en puestos de venta ni en mercadillos",47.55,"Comercio al por menor de muebles, aparatos de iluminación, vajilla y otros artículos de uso doméstico",4
47.5,Comercio al por menor de otros artículos de uso doméstico en establecimientos especializados,47.6,Comercio al por menor de artículos culturales y recreativos,3
47.6,Comercio al por menor de artículos culturales y recreativos en establecimientos especializados,47.6,Comercio al por menor de artículos culturales y recreativos,3
47.7,Comercio al por menor de otros artículos en establecimientos especializados,47.6,Comercio al por menor de artículos culturales y recreativos,3
47.8,Comercio al por menor en puestos de venta y en mercadillos,47.6,Comercio al por menor de artículos culturales y recreativos,3
47.9,"Comercio al por menor no realizado ni en establecimientos, ni en puestos de venta ni en mercadillos",47.6,Comercio al por menor de artículos culturales y recreativos,3
47.61,Comercio al por menor de libros en establecimientos especializados,47.61,Comercio al por menor de libros,4
47.89,Comercio al por menor de otros productos en puestos de venta y en mercadillos,47.61,Comercio al por menor de libros,4
47.91,Comercio al por menor por correspondencia o Internet,47.61,Comercio al por menor de libros,4
47.99,"Otro comercio al por menor no realizado ni en establecimientos, ni en puestos de venta ni en mercadillos",47.61,Comercio al por menor de libros,4
47.62,Comercio al por menor de periódicos y artículos de papelería en establecimientos especializados,47.62,Comercio al por menor de periódicos y otras publicaciones periódicas y artículos de papelería,4
47.89,Comercio al por menor de otros productos en puestos de venta y en mercadillos,47.62,Comercio al por menor de periódicos y otras publicaciones periódicas y artículos de papelería,4
47.91,Comercio al por menor por correspondencia o Internet,47.62,Comercio al por menor de periódicos y otras publicaciones periódicas y artículos de papelería,4
47.99,"Otro comercio al por menor no realizado ni en establecimientos, ni en puestos de venta ni en mercadillos",47.62,Comercio al por menor de periódicos y otras publicaciones periódicas y artículos de papelería,4
47.64,Comercio al por menor de artículos deportivos en establecimientos especializados,47.63,Comercio al por menor de artículos deportivos,4
47.78,Otro comercio al por menor de artículos nuevos en establecimientos especializados,47.63,Comercio al por menor de artículos deportivos,4
47.89,Comercio al por menor de otros productos en puestos de venta y en mercadillos,47.63,Comercio al por menor de artículos deportivos,4
47.91,Comercio al por menor por correspondencia o Internet,47.63,Comercio al por menor de artículos deportivos,4
47.99,"Otro comercio al por menor no realizado ni en establecimientos, ni en puestos de venta ni en mercadillos",47.63,Comercio al por menor de artículos deportivos,4
47.65,Comercio al por menor de juegos y juguetes en establecimientos especializados,47.64,Comercio al por menor de juegos y juguetes,4
47.89,Comercio al por menor de otros productos en puestos de venta y en mercadillos,47.64,Comercio al por menor de juegos y juguetes,4
47.91,Comercio al por menor por correspondencia o Internet,47.64,Comercio al por menor de juegos y juguetes,4
47.99,"Otro comercio al por menor no realizado ni en establecimientos, ni en puestos de venta ni en mercadillos",47.64,Comercio al por menor de juegos y juguetes,4
47.59,"Comercio al por menor de muebles, aparatos de iluminación y otros artículos de uso doméstico en establecimientos especializados",47.69,Comercio al por menor de artículos culturales y recreativos n.c.o.p.,4
47.63,Comercio al por menor de grabaciones de música y vídeo en establecimientos especializados,47.69,Comercio al por menor de artículos culturales y recreativos n.c.o.p.,4
47.78,Otro comercio al por menor de artículos nuevos en establecimientos especializados,47.69,Comercio al por menor de artículos culturales y recreativos n.c.o.p.,4
47.89,Comercio al por menor de otros productos en puestos de venta y en mercadillos,47.69,Comercio al por menor de artículos culturales y recreativos n.c.o.p.,4
47.91,Comercio al por menor por correspondencia o Internet,47.69,Comercio al por menor de artículos culturales y recreativos n.c.o.p.,4
47.99,"Otro comercio al por menor no realizado ni en establecimientos, ni en puestos de venta ni en mercadillos",47.69,Comercio al por menor de artículos culturales y recreativos n.c.o.p.,4
47.7,Comercio al por menor de otros artículos en establecimientos especializados,47.7,"Comercio al por menor de otros artículos, excepto vehículos de motor y motocicletas",3
47.8,Comercio al por menor en puestos de venta y en mercadillos,47.7,"Comercio al por menor de otros artículos, excepto vehículos de motor y motocicletas",3
47.9,"Comercio al por menor no realizado ni en establecimientos, ni en puestos de venta ni en mercadillos",47.7,"Comercio al por menor de otros artículos, excepto vehículos de motor y motocicletas",3
47.71,Comercio al por menor de prendas de vestir en establecimientos especializados,47.71,Comercio al por menor de prendas de vestir,4
47.82,"Comercio al por menor de productos textiles, prendas de vestir y calzado en puestos de venta y en mercadillos",47.71,Comercio al por menor de prendas de vestir,4
47.91,Comercio al por menor por correspondencia o Internet,47.71,Comercio al por menor de prendas de vestir,4
47.99,"Otro comercio al por menor no realizado ni en establecimientos, ni en puestos de venta ni en mercadillos",47.71,Comercio al por menor de prendas de vestir,4
47.72,Comercio al por menor de calzado y artículos de cuero en establecimientos especializados,47.72,Comercio al por menor de calzado y artículos de cuero,4
47.82,"Comercio al por menor de productos textiles, prendas de vestir y calzado en puestos de venta y en mercadillos",47.72,Comercio al por menor de calzado y artículos de cuero,4
47.91,Comercio al por menor por correspondencia o Internet,47.72,Comercio al por menor de calzado y artículos de cuero,4
47.99,"Otro comercio al por menor no realizado ni en establecimientos, ni en puestos de venta ni en mercadillos",47.72,Comercio al por menor de calzado y artículos de cuero,4
47.73,Comercio al por menor de productos farmacéuticos en establecimientos especializados,47.73,Comercio al por menor de productos farmacéuticos,4
47.91,Comercio al por menor por correspondencia o Internet,47.73,Comercio al por menor de productos farmacéuticos,4
47.74,Comercio al por menor de artículos médicos y ortopédicos en establecimientos especializados,47.74,Comercio al por menor de artículos médicos y ortopédicos,4
47.78,Otro comercio al por menor de artículos nuevos en establecimientos especializados,47.74,Comercio al por menor de artículos médicos y ortopédicos,4
47.89,Comercio al por menor de otros productos en puestos de venta y en mercadillos,47.74,Comercio al por menor de artículos médicos y ortopédicos,4
47.91,Comercio al por menor por correspondencia o Internet,47.74,Comercio al por menor de artículos médicos y ortopédicos,4
47.99,"Otro comercio al por menor no realizado ni en establecimientos, ni en puestos de venta ni en mercadillos",47.74,Comercio al por menor de artículos médicos y ortopédicos,4
47.75,Comercio al por menor de productos cosméticos e higiénicos en establecimientos especializados,47.75,Comercio al por menor de productos de cosmética e higiene,4
47.89,Comercio al por menor de otros productos en puestos de venta y en mercadillos,47.75,Comercio al por menor de productos de cosmética e higiene,4
47.91,Comercio al por menor por correspondencia o Internet,47.75,Comercio al por menor de productos de cosmética e higiene,4
47.99,"Otro comercio al por menor no realizado ni en establecimientos, ni en puestos de venta ni en mercadillos",47.75,Comercio al por menor de productos de cosmética e higiene,4
47.76,"Comercio al por menor de flores, plantas, semillas, fertilizantes, animales de compañía y alimentos para los mismos en establecimientos especializados",47.76,"Comercio al por menor de flores, plantas, fertilizantes, animales de compañía y alimentos para estos",4
47.89,Comercio al por menor de otros productos en puestos de venta y en mercadillos,47.76,"Comercio al por menor de flores, plantas, fertilizantes, animales de compañía y alimentos para estos",4
47.91,Comercio al por menor por correspondencia o Internet,47.76,"Comercio al por menor de flores, plantas, fertilizantes, animales de compañía y alimentos para estos",4
47.99,"Otro comercio al por menor no realizado ni en establecimientos, ni en puestos de venta ni en mercadillos",47.76,"Comercio al por menor de flores, plantas, fertilizantes, animales de compañía y alimentos para estos",4
47.77,Comercio al por menor de artículos de relojería y joyería en establecimientos especializados,47.77,Comercio al por menor de artículos de relojería y joyería,4
47.89,Comercio al por menor de otros productos en puestos de venta y en mercadillos,47.77,Comercio al por menor de artículos de relojería y joyería,4
47.91,Comercio al por menor por correspondencia o Internet,47.77,Comercio al por menor de artículos de relojería y joyería,4
47.99,"Otro comercio al por menor no realizado ni en establecimientos, ni en puestos de venta ni en mercadillos",47.77,Comercio al por menor de artículos de relojería y joyería,4
47.78,Otro comercio al por menor de artículos nuevos en establecimientos especializados,47.78,Comercio al por menor de otros productos nuevos,4
47.89,Comercio al por menor de otros productos en puestos de venta y en mercadillos,47.78,Comercio al por menor de otros productos nuevos,4
47.91,Comercio al por menor por correspondencia o Internet,47.78,Comercio al por menor de otros productos nuevos,4
47.99,"Otro comercio al por menor no realizado ni en establecimientos, ni en puestos de venta ni en mercadillos",47.78,Comercio al por menor de otros productos nuevos,4
47.79,Comercio al por menor de artículos de segunda mano en establecimientos,47.79,Comercio al por menor de artículos de segunda mano,4
47.82,"Comercio al por menor de productos textiles, prendas de vestir y calzado en puestos de venta y en mercadillos",47.79,Comercio al por menor de artículos de segunda mano,4
47.89,Comercio al por menor de otros productos en puestos de venta y en mercadillos,47.79,Comercio al por menor de artículos de segunda mano,4
47.91,Comercio al por menor por correspondencia o Internet,47.79,Comercio al por menor de artículos de segunda mano,4
47.99,"Otro comercio al por menor no realizado ni en establecimientos, ni en puestos de venta ni en mercadillos",47.79,Comercio al por menor de artículos de segunda mano,4
45.1,Venta de vehículos de motor,47.8,"Comercio al por menor de vehículos de motor, motocicletas y sus repuestos y accesorios",3
45.3,Comercio de repuestos y accesorios de vehículos de motor,47.8,"Comercio al por menor de vehículos de motor, motocicletas y sus repuestos y accesorios",3
45.4,"Venta, mantenimiento y reparación de motocicletas y de sus repuestos y accesorios",47.8,"Comercio al por menor de vehículos de motor, motocicletas y sus repuestos y accesorios",3
45.11,Venta de automóviles y vehículos de motor ligeros,47.81,Comercio al por menor de vehículos de motor,4
45.19,Venta de otros vehículos de motor,47.81,Comercio al por menor de vehículos de motor,4
45.32,Comercio al por menor de repuestos y accesorios de vehículos de motor,47.82,Comercio al por menor de repuestos y accesorios de vehículos de motor,4
45.40,"Venta, mantenimiento y reparación de motocicletas y de sus repuestos y accesorios",47.83,"Comercio al por menor de motocicletas, y repuestos y accesorios de motocicletas",4
45.1,Venta de vehículos de motor,47.9,Actividades de servicios de intermediación para el comercio al por menor,3
45.3,Comercio de repuestos y accesorios de vehículos de motor,47.9,Actividades de servicios de intermediación para el comercio al por menor,3
45.4,"Venta, mantenimiento y reparación de motocicletas y de sus repuestos y accesorios",47.9,Actividades de servicios de intermediación para el comercio al por menor,3
47.1,Comercio al por menor en establecimientos no especializados,47.9,Actividades de servicios de intermediación para el comercio al por menor,3
47.2,"Comercio al por menor de productos alimenticios, bebidas y tabaco en establecimientos especializados",47.9,Actividades de servicios de intermediación para el comercio al por menor,3
47.3,Comercio al por menor de combustible para la automoción en establecimientos especializados,47.9,Actividades de servicios de intermediación para el comercio al por menor,3
47.4,Comercio al por menor de equipos para las tecnologías de la información y las comunicaciones en establecimientos especializados,47.9,Actividades de servicios de intermediación para el comercio al por menor,3
47.5,Comercio al por menor de otros artículos de uso doméstico en establecimientos especializados,47.9,Actividades de servicios de intermediación para el comercio al por menor,3
47.6,Comercio al por menor de artículos culturales y recreativos en establecimientos especializados,47.9,Actividades de servicios de intermediación para el comercio al por menor,3
47.7,Comercio al por menor de otros artículos en establecimientos especializados,47.9,Actividades de servicios de intermediación para el comercio al por menor,3
47.9,"Comercio al por menor no realizado ni en establecimientos, ni en puestos de venta ni en mercadillos",47.9,Actividades de servicios de intermediación para el comercio al por menor,3
82.9,Actividades de apoyo a las empresas n.c.o.p.,47.9,Actividades de servicios de intermediación para el comercio al por menor,3
47.11,"Comercio al por menor en establecimientos no especializados, con predominio en productos alimenticios, bebidas y tabaco",47.91,Actividades de servicios de intermediación para el comercio al por menor no especializado,4
47.19,Otro comercio al por menor en establecimientos no especializados,47.91,Actividades de servicios de intermediación para el comercio al por menor no especializado,4
47.79,Comercio al por menor de artículos de segunda mano en establecimientos,47.91,Actividades de servicios de intermediación para el comercio al por menor no especializado,4
47.91,Comercio al por menor por correspondencia o Internet,47.91,Actividades de servicios de intermediación para el comercio al por menor no especializado,4
47.99,"Otro comercio al por menor no realizado ni en establecimientos, ni en puestos de venta ni en mercadillos",47.91,Actividades de servicios de intermediación para el comercio al por menor no especializado,4
82.99,Otras actividades de apoyo a las empresas n.c.o.p.,47.91,Actividades de servicios de intermediación para el comercio al por menor no especializado,4
45.11,Venta de automóviles y vehículos de motor ligeros,47.92,Actividades de servicios de intermediación para el comercio al por menor especializado,4
45.19,Venta de otros vehículos de motor,47.92,Actividades de servicios de intermediación para el comercio al por menor especializado,4
45.32,Comercio al por menor de repuestos y accesorios de vehículos de motor,47.92,Actividades de servicios de intermediación para el comercio al por menor especializado,4
45.40,"Venta, mantenimiento y reparación de motocicletas y de sus repuestos y accesorios",47.92,Actividades de servicios de intermediación para el comercio al por menor especializado,4
47.21,Comercio al por menor de frutas y hortalizas en establecimientos especializados,47.92,Actividades de servicios de intermediación para el comercio al por menor especializado,4
47.22,Comercio al por menor de carne y productos cárnicos en establecimientos especializados,47.92,Actividades de servicios de intermediación para el comercio al por menor especializado,4
47.23,Comercio al por menor de pescados y mariscos en establecimientos especializados,47.92,Actividades de servicios de intermediación para el comercio al por menor especializado,4
47.24,"Comercio al por menor de pan y productos de panadería, confitería y pastelería en establecimientos especializados",47.92,Actividades de servicios de intermediación para el comercio al por menor especializado,4
47.25,Comercio al por menor de bebidas en establecimientos especializados,47.92,Actividades de servicios de intermediación para el comercio al por menor especializado,4
47.26,Comercio al por menor de productos de tabaco en establecimientos especializados,47.92,Actividades de servicios de intermediación para el comercio al por menor especializado,4
47.29,Otro comercio al por menor de productos alimenticios en establecimientos especializados,47.92,Actividades de servicios de intermediación para el comercio al por menor especializado,4
47.30,Comercio al por menor de combustible para la automoción en establecimientos especializados,47.92,Actividades de servicios de intermediación para el comercio al por menor especializado,4
47.41,"Comercio al por menor de ordenadores, equipos periféricos y programas informáticos en establecimientos especializados",47.92,Actividades de servicios de intermediación para el comercio al por menor especializado,4
47.42,Comercio al por menor de equipos de telecomunicaciones en establecimientos especializados,47.92,Actividades de servicios de intermediación para el comercio al por menor especializado,4
47.43,Comercio al por menor de equipos de audio y vídeo en establecimientos especializados,47.92,Actividades de servicios de intermediación para el comercio al por menor especializado,4
47.51,Comercio al por menor de textiles en establecimientos especializados,47.92,Actividades de servicios de intermediación para el comercio al por menor especializado,4
47.52,"Comercio al por menor de ferretería, pintura y vidrio en establecimientos especializados",47.92,Actividades de servicios de intermediación para el comercio al por menor especializado,4
47.53,"Comercio al por menor de alfombras, moquetas y revestimientos de paredes y suelos en establecimientos especializados",47.92,Actividades de servicios de intermediación para el comercio al por menor especializado,4
47.54,Comercio al por menor de aparatos electrodomésticos en establecimientos especializados,47.92,Actividades de servicios de intermediación para el comercio al por menor especializado,4
47.59,"Comercio al por menor de muebles, aparatos de iluminación y otros artículos de uso doméstico en establecimientos especializados",47.92,Actividades de servicios de intermediación para el comercio al por menor especializado,4
47.61,Comercio al por menor de libros en establecimientos especializados,47.92,Actividades de servicios de intermediación para el comercio al por menor especializado,4
47.62,Comercio al por menor de periódicos y artículos de papelería en establecimientos especializados,47.92,Actividades de servicios de intermediación para el comercio al por menor especializado,4
47.63,Comercio al por menor de grabaciones de música y vídeo en establecimientos especializados,47.92,Actividades de servicios de intermediación para el comercio al por menor especializado,4
47.64,Comercio al por menor de artículos deportivos en establecimientos especializados,47.92,Actividades de servicios de intermediación para el comercio al por menor especializado,4
47.65,Comercio al por menor de juegos y juguetes en establecimientos especializados,47.92,Actividades de servicios de intermediación para el comercio al por menor especializado,4
47.71,Comercio al por menor de prendas de vestir en establecimientos especializados,47.92,Actividades de servicios de intermediación para el comercio al por menor especializado,4
47.72,Comercio al por menor de calzado y artículos de cuero en establecimientos especializados,47.92,Actividades de servicios de intermediación para el comercio al por menor especializado,4
47.73,Comercio al por menor de productos farmacéuticos en establecimientos especializados,47.92,Actividades de servicios de intermediación para el comercio al por menor especializado,4
47.74,Comercio al por menor de artículos médicos y ortopédicos en establecimientos especializados,47.92,Actividades de servicios de intermediación para el comercio al por menor especializado,4
47.75,Comercio al por menor de productos cosméticos e higiénicos en establecimientos especializados,47.92,Actividades de servicios de intermediación para el comercio al por menor especializado,4
47.76,"Comercio al por menor de flores, plantas, semillas, fertilizantes, animales de compañía y alimentos para los mismos en establecimientos especializados",47.92,Actividades de servicios de intermediación para el comercio al por menor especializado,4
47.77,Comercio al por menor de artículos de relojería y joyería en establecimientos especializados,47.92,Actividades de servicios de intermediación para el comercio al por menor especializado,4
47.78,Otro comercio al por menor de artículos nuevos en establecimientos especializados,47.92,Actividades de servicios de intermediación para el comercio al por menor especializado,4
47.79,Comercio al por menor de artículos de segunda mano en establecimientos,47.92,Actividades de servicios de intermediación para el comercio al por menor especializado,4
47.91,Comercio al por menor por correspondencia o Internet,47.92,Actividades de servicios de intermediación para el comercio al por menor especializado,4
47.99,"Otro comercio al por menor no realizado ni en establecimientos, ni en puestos de venta ni en mercadillos",47.92,Actividades de servicios de intermediación para el comercio al por menor especializado,4
82.99,Otras actividades de apoyo a las empresas n.c.o.p.,47.92,Actividades de servicios de intermediación para el comercio al por menor especializado,4
49,Transporte terrestre y por tubería,49,Transporte terrestre y por tubería,2
49.1,Transporte interurbano de pasajeros por ferrocarril,49.1,Transporte de pasajeros por ferrocarril,3
49.3,Otro transporte terrestre de pasajeros,49.1,Transporte de pasajeros por ferrocarril,3
49.10,Transporte interurbano de pasajeros por ferrocarril,49.11,Transporte pesado de pasajeros por ferrocarril,4
49.10,Transporte interurbano de pasajeros por ferrocarril,49.12,Otro transporte de pasajeros por ferrocarril,4
49.31,Transporte terrestre urbano y suburbano de pasajeros,49.12,Otro transporte de pasajeros por ferrocarril,4
49.2,Transporte de mercancías por ferrocarril,49.2,Transporte de mercancías por ferrocarril,3
49.20,Transporte de mercancías por ferrocarril,49.20,Transporte de mercancías por ferrocarril,4
49.3,Otro transporte terrestre de pasajeros,49.3,Otro transporte terrestre de pasajeros,3
49.31,Transporte terrestre urbano y suburbano de pasajeros,49.31,Transporte regular de pasajeros por carretera,4
49.39,Otros tipos de transporte terrestre de pasajeros n.c.o.p.,49.31,Transporte regular de pasajeros por carretera,4
49.39,Otros tipos de transporte terrestre de pasajeros n.c.o.p.,49.32,Transporte no regular de pasajeros por carretera,4
49.32,Transporte por taxi,49.33,Servicios de transporte de pasajeros bajo demanda en vehículos con conductor,4
49.31,Transporte terrestre urbano y suburbano de pasajeros,49.34,Transporte de pasajeros en teleféricos y remontes,4
49.39,Otros tipos de transporte terrestre de pasajeros n.c.o.p.,49.34,Transporte de pasajeros en teleféricos y remontes,4
49.39,Otros tipos de transporte terrestre de pasajeros n.c.o.p.,49.39,Otros tipos de transporte terrestre de pasajeros n.c.o.p.,4
49.4,Transporte de mercancías por carretera y servicios de mudanza,49.4,Transporte de mercancías por carretera y servicios de mudanza,3
49.41,Transporte de mercancías por carretera,49.41,Transporte de mercancías por carretera,4
49.42,Servicios de mudanza,49.42,Servicios de mudanzas,4
49.5,Transporte por tubería,49.5,Transporte por tubería,3
49.50,Transporte por tubería,49.50,Transporte por tubería,4
50,Transporte marítimo y por vías navegables interiores,50,Transporte marítimo y por vías navegables interiores,2
50.1,Transporte marítimo de pasajeros,50.1,Transporte marítimo de pasajeros,3
50.10,Transporte marítimo de pasajeros,50.10,Transporte marítimo de pasajeros,4
50.2,Transporte marítimo de mercancías,50.2,Transporte marítimo de mercancías,3
50.20,Transporte marítimo de mercancías,50.20,Transporte marítimo de mercancías,4
50.3,Transporte de pasajeros por vías navegables interiores,50.3,Transporte de pasajeros por vías navegables interiores,3
50.30,Transporte de pasajeros por vías navegables interiores,50.30,Transporte de pasajeros por vías navegables interiores,4
50.4,Transporte de mercancías por vías navegables interiores,50.4,Transporte de mercancías por vías navegables interiores,3
50.40,Transporte de mercancías por vías navegables interiores,50.40,Transporte de mercancías por vías navegables interiores,4
51,Transporte aéreo,51,Transporte aéreo,2
51.1,Transporte aéreo de pasajeros,51.1,Transporte aéreo de pasajeros,3
51.10,Transporte aéreo de pasajeros,51.10,Transporte aéreo de pasajeros,4
51.2,Transporte aéreo de mercancías y transporte espacial,51.2,Transporte aéreo de mercancías y transporte espacial,3
51.21,Transporte aéreo de mercancías,51.21,Transporte aéreo de mercancías,4
51.22,Transporte espacial,51.22,Transporte espacial,4
49,Transporte terrestre y por tubería,52,"Depósito, almacenamiento y actividades auxiliares del transporte ",2
52,Almacenamiento y actividades anexas al transporte,52,"Depósito, almacenamiento y actividades auxiliares del transporte ",2
79,"Actividades de agencias de viajes, operadores turísticos, servicios de reservas y actividades relacionadas con los mismos",52,"Depósito, almacenamiento y actividades auxiliares del transporte ",2
52.1,Depósito y almacenamiento,52.1,Depósito y almacenamiento,3
52.10,Depósito y almacenamiento,52.10,Depósito y almacenamiento,4
49.4,Transporte de mercancías por carretera y servicios de mudanza,52.2,Actividades auxiliares del transporte,3
52.2,Actividades anexas al transporte,52.2,Actividades auxiliares del transporte,3
52.21,Actividades anexas al transporte terrestre,52.21,Actividades auxiliares del transporte terrestre,4
52.22,Actividades anexas al transporte marítimo y por vías navegables interiores,52.22,Actividades auxiliares del transporte marítimo y por vías navegables interiores,4
52.23,Actividades anexas al transporte aéreo,52.23,Actividades auxiliares del transporte aéreo,4
49.41,Transporte de mercancías por carretera,52.24,Manipulación de mercancías,4
52.24,Manipulación de mercancías,52.24,Manipulación de mercancías,4
52.29,Otras actividades anexas al transporte,52.25,Actividades de servicios logísticos,4
52.29,Otras actividades anexas al transporte,52.26,Otras actividades auxiliares del transporte,4
49.3,Otro transporte terrestre de pasajeros,52.3,Actividades de intermediación para el transporte,3
52.2,Actividades anexas al transporte,52.3,Actividades de intermediación para el transporte,3
79.1,Actividades de agencias de viajes y operadores turísticos,52.3,Actividades de intermediación para el transporte,3
79.9,Otros servicios de reservas y actividades relacionadas con los mismos,52.3,Actividades de intermediación para el transporte,3
52.29,Otras actividades anexas al transporte,52.31,Actividades de intermediación para el transporte de mercancías,4
49.32,Transporte por taxi,52.32,Actividades de intermediación para el transporte de pasajeros,4
52.29,Otras actividades anexas al transporte,52.32,Actividades de intermediación para el transporte de pasajeros,4
79.11,Actividades de las agencias de viajes,52.32,Actividades de intermediación para el transporte de pasajeros,4
79.90,Otros servicios de reservas y actividades relacionadas con los mismos,52.32,Actividades de intermediación para el transporte de pasajeros,4
53,Actividades postales y de correos,53,Actividades postales y de mensajería,2
82,Actividades administrativas de oficina y otras actividades auxiliares a las empresas,53,Actividades postales y de mensajería,2
96,Otros servicios personales,53,Actividades postales y de mensajería,2
53.1,Actividades postales sometidas a la obligación del servicio universal,53.1,Actividades postales sometidas a la obligación del servicio universal,3
53.10,Actividades postales sometidas a la obligación del servicio universal,53.10,Actividades postales sometidas a la obligación del servicio universal,4
53.2,Otras actividades postales y de correos,53.2,Otras actividades postales y de mensajería,3
96.0,Otros servicios personales,53.2,Otras actividades postales y de mensajería,3
53.20,Otras actividades postales y de correos,53.20,Otras actividades postales y de mensajería,4
96.01,Lavado y limpieza de prendas textiles y de piel,53.20,Otras actividades postales y de mensajería,4
82.9,Actividades de apoyo a las empresas n.c.o.p.,53.3,Servicios de intermediación para las actividades postales y de mensajería,3
82.99,Otras actividades de apoyo a las empresas n.c.o.p.,53.30,Servicios de intermediación para las actividades postales y de mensajería,4
55,Servicios de alojamiento,55,Servicios de alojamiento,2
68,Actividades inmobiliarias,55,Servicios de alojamiento,2
79,"Actividades de agencias de viajes, operadores turísticos, servicios de reservas y actividades relacionadas con los mismos",55,Servicios de alojamiento,2
55.1,Hoteles y alojamientos similares,55.1,Hoteles y alojamientos similares,3
55.10,Hoteles y alojamientos similares,55.10,Hoteles y alojamientos similares,4
55.2,Alojamientos turísticos y otros alojamientos de corta estancia,55.2,Alojamientos turísticos y otros alojamientos de corta estancia,3
55.20,Alojamientos turísticos y otros alojamientos de corta estancia,55.20,Alojamientos turísticos y otros alojamientos de corta estancia,4
55.3,Campings y aparcamientos para caravanas,55.3,Campings y aparcamientos para caravanas,3
55.30,Campings y aparcamientos para caravanas,55.30,Campings y aparcamientos para caravanas,4
79.1,Actividades de agencias de viajes y operadores turísticos,55.4,Actividades de intermediación para los servicios de alojamiento,3
79.9,Otros servicios de reservas y actividades relacionadas con los mismos,55.4,Actividades de intermediación para los servicios de alojamiento,3
79.11,Actividades de las agencias de viajes,55.40,Actividades de intermediación para los servicios de alojamiento,4
79.90,Otros servicios de reservas y actividades relacionadas con los mismos,55.40,Actividades de intermediación para los servicios de alojamiento,4
55.9,Otros alojamientos,55.9,Otros servicios de alojamiento,3
68.2,Alquiler de bienes inmobiliarios por cuenta propia,55.9,Otros servicios de alojamiento,3
55.90,Otros alojamientos,55.90,Otros servicios de alojamiento,4
68.20,Alquiler de bienes inmobiliarios por cuenta propia,55.90,Otros servicios de alojamiento,4
56,Servicios de comidas y bebidas,56,Servicios de comidas y bebidas,2
79,"Actividades de agencias de viajes, operadores turísticos, servicios de reservas y actividades relacionadas con los mismos",56,Servicios de comidas y bebidas,2
56.1,Restaurantes y puestos de comidas,56.1,Restaurantes y puestos de comidas,3
56.10,Restaurantes y puestos de comidas,56.11,Restaurantes,4
56.10,Restaurantes y puestos de comidas,56.12,Puestos de comidas,4
56.2,Provisión de comidas preparadas para eventos y otros servicios de comidas,56.2,Servicios de catering y otros servicios de comidas,3
56.21,Provisión de comidas preparadas para eventos,56.21,Servicios ocasionales de catering ,4
56.29,Otros servicios de comidas,56.22,Servicios regulares de catering y otros servicios de comidas,4
56.3,Establecimientos de bebidas,56.3,Servicios de bebidas,3
56.30,Establecimientos de bebidas,56.30,Servicios de bebidas,4
79.9,Otros servicios de reservas y actividades relacionadas con los mismos,56.4,Actividades de intermediación para los servicios de comidas y bebidas,3
79.90,Otros servicios de reservas y actividades relacionadas con los mismos,56.40,Actividades de intermediación para los servicios de comidas y bebidas,4
58,Edición,58,Edición,2
58.1,"Edición de libros, periódicos y otras actividades editoriales",58.1,"Edición de libros, periódicos y otras actividades editoriales, excepto la edición de programas informáticos",3
58.11,Edición de libros,58.11,Edición de libros,4
58.13,Edición de periódicos,58.12,Edición de periódicos,4
58.14,Edición de revistas,58.13,Edición de revistas,4
58.12,Edición de directorios y guías de direcciones postales,58.19,"Otras actividades editoriales, excepto la edición de programas informáticos",4
58.19,Otras actividades editoriales,58.19,"Otras actividades editoriales, excepto la edición de programas informáticos",4
58.2,Edición de programas informáticos,58.2,Edición de programas informáticos,3
58.21,Edición de videojuegos,58.21,Edición de videojuegos,4
58.29,Edición de otros programas informáticos,58.29,Edición de otros programas informáticos,4
59,"Actividades cinematográficas, de vídeo y de programas de televisión, grabación de sonido y edición musical",59,"Producción cinematográfica, de vídeo y de programas de televisión, grabación de sonido y edición musical",2
59.1,"Actividades cinematográficas, de vídeo y de programas de televisión",59.1,"Actividades cinematográficas, de vídeo y de programas de televisión",3
59.12,"Actividades de postproducción cinematográfica, de vídeo y de programas de televisión",59.12,"Actividades de posproducción cinematográfica, de vídeo y de programas de televisión",4
59.14,Actividades de exhibición cinematográfica,59.14,Actividades de exhibición cinematográfica,4
59.15,Actividades de producción cinematográfica y de vídeo,59.15,Actividades de producción cinematográfica y de vídeo,4
59.16,Actividades de producciones de programas de televisión,59.16,Actividades de producción de programas de televisión,4
59.17,Actividades de distribución cinematográfica y de vídeo,59.17,"Actividades de distribución cinematográfica y de vídeo, excepto de programas de televisión.",4
59.18,Actividades de distribución de programas de televisión,59.18,Actividades de distribución de programas de televisión,4
59.2,Actividades de grabación de sonido y edición musical,59.2,Actividades de grabación de sonido y edición musical,3
59.20,Actividades de grabación de sonido y edición musical,59.20,Actividades de grabación de sonido y edición musical,4
47,"Comercio al por menor, excepto de vehículos de motor y motocicletas",60,"Actividades de programación, radiodifusión, agencias de noticias y otras actividades de distribución de contenidos",2
60,Actividades de programación y emisión de radio y televisión,60,"Actividades de programación, radiodifusión, agencias de noticias y otras actividades de distribución de contenidos",2
63,Servicios de información,60,"Actividades de programación, radiodifusión, agencias de noticias y otras actividades de distribución de contenidos",2
60.1,Actividades de radiodifusión,60.1,Actividades de radiodifusión y distribución de audio,3
60.10,Actividades de radiodifusión,60.10,Actividades de radiodifusión y distribución de audio,4
60.2,Actividades de programación y emisión de televisión,60.2,"Actividades de programación de televisión, emisión y distribución de vídeos",3
63.1,"Proceso de datos, hosting y actividades relacionadas; portales web",60.2,"Actividades de programación de televisión, emisión y distribución de vídeos",3
60.20,Actividades de programación y emisión de televisión,60.20,"Actividades de programación de televisión, emisión y distribución de vídeos",4
63.11,"Proceso de datos, hosting y actividades relacionadas",60.20,"Actividades de programación de televisión, emisión y distribución de vídeos",4
47.9,"Comercio al por menor no realizado ni en establecimientos, ni en puestos de venta ni en mercadillos",60.3,Actividades de las agencias de noticias y otras actividades de distribución de contenidos,3
63.1,"Proceso de datos, hosting y actividades relacionadas; portales web",60.3,Actividades de las agencias de noticias y otras actividades de distribución de contenidos,3
63.9,Otros servicios de información,60.3,Actividades de las agencias de noticias y otras actividades de distribución de contenidos,3
63.91,Actividades de las agencias de noticias,60.31,Actividades de las agencias de noticias,4
47.91,Comercio al por menor por correspondencia o Internet,60.39,Otras actividades de distribución de contenidos,4
63.11,"Proceso de datos, hosting y actividades relacionadas",60.39,Otras actividades de distribución de contenidos,4
63.12,Portales web,60.39,Otras actividades de distribución de contenidos,4
61,Telecomunicaciones,61,Telecomunicaciones,2
82,Actividades administrativas de oficina y otras actividades auxiliares a las empresas,61,Telecomunicaciones,2
61.1,Telecomunicaciones por cable,61.1,"Actividades de telecomunicaciones por cable, inalámbricas y por satélite",3
61.2,Telecomunicaciones inalámbricas,61.1,"Actividades de telecomunicaciones por cable, inalámbricas y por satélite",3
61.3,Telecomunicaciones por satélite,61.1,"Actividades de telecomunicaciones por cable, inalámbricas y por satélite",3
61.10,Telecomunicaciones por cable,61.10,"Actividades de telecomunicaciones por cable, inalámbricas y por satélite",4
61.20,Telecomunicaciones inalámbricas,61.10,"Actividades de telecomunicaciones por cable, inalámbricas y por satélite",4
61.30,Telecomunicaciones por satélite,61.10,"Actividades de telecomunicaciones por cable, inalámbricas y por satélite",4
61.9,Otras actividades de telecomunicaciones,61.2,Actividades de reventa de telecomunicaciones y servicios de intermediación para telecomunicaciones,3
82.9,Actividades de apoyo a las empresas n.c.o.p.,61.2,Actividades de reventa de telecomunicaciones y servicios de intermediación para telecomunicaciones,3
61.90,Otras actividades de telecomunicaciones,61.20,Actividades de reventa de telecomunicaciones y servicios de intermediación para telecomunicaciones,4
82.99,Otras actividades de apoyo a las empresas n.c.o.p.,61.20,Actividades de reventa de telecomunicaciones y servicios de intermediación para telecomunicaciones,4
61.2,Telecomunicaciones inalámbricas,61.9,Otras actividades de telecomunicaciones,3
61.9,Otras actividades de telecomunicaciones,61.9,Otras actividades de telecomunicaciones,3
61.20,Telecomunicaciones inalámbricas,61.90,Otras actividades de telecomunicaciones,4
61.90,Otras actividades de telecomunicaciones,61.90,Otras actividades de telecomunicaciones,4
62,"Programación, consultoría y otras actividades relacionadas con la informática",62,"Programación, consultoría y otras actividades relacionadas con la informática",2
62.0,"Programación, consultoría y otras actividades relacionadas con la informática",62.1,Actividades de programación informática,3
62.01,Actividades de programación informática,62.10,Actividades de programación informática,4
62.0,"Programación, consultoría y otras actividades relacionadas con la informática",62.2,Actividades de consultoría informática y gestión de instalaciones informáticas,3
62.02,Actividades de consultoría informática,62.20,Actividades de consultoría informática y gestión de instalaciones informáticas,4
62.03,Gestión de recursos informáticos,62.20,Actividades de consultoría informática y gestión de instalaciones informáticas,4
62.0,"Programación, consultoría y otras actividades relacionadas con la informática",62.9,Otros servicios relacionados con las tecnologías de la información y la informática,3
62.09,Otros servicios relacionados con las tecnologías de la información y la informática,62.90,Otros servicios relacionados con las tecnologías de la información y la informática,4
52,Almacenamiento y actividades anexas al transporte,63,"Infraestructura informática, tratamiento de datos, hosting y otras actividades de servicios de información",2
63,Servicios de información,63,"Infraestructura informática, tratamiento de datos, hosting y otras actividades de servicios de información",2
52.1,Depósito y almacenamiento,63.1,"Infraestructura informática, procesamiento de datos, hosting y actividades relacionadas",3
63.1,"Proceso de datos, hosting y actividades relacionadas; portales web",63.1,"Infraestructura informática, procesamiento de datos, hosting y actividades relacionadas",3
52.10,Depósito y almacenamiento,63.10,"Infraestructura informática, procesamiento de datos, hosting y actividades relacionadas",4
63.11,"Proceso de datos, hosting y actividades relacionadas",63.10,"Infraestructura informática, procesamiento de datos, hosting y actividades relacionadas",4
63.1,"Proceso de datos, hosting y actividades relacionadas; portales web",63.9,Actividades de portales de búsqueda en la web y otras actividades de servicios de información,3
63.9,Otros servicios de información,63.9,Actividades de portales de búsqueda en la web y otras actividades de servicios de información,3
63.12,Portales web,63.91,Actividades de portales de búsqueda en la web,4
63.99,Otros servicios de información n.c.o.p.,63.92,Otros servicios de información,4
64,"Servicios financieros, excepto seguros y fondos de pensiones",64,"Servicios financieros, excepto seguros y fondos de pensiones",2
64.1,Intermediación monetaria,64.1,Intermediación monetaria,3
64.11,Banco central,64.11,Banca central,4
64.19,Otra intermediación monetaria,64.19,Otra intermediación monetaria,4
64.2,Actividades de las sociedades holding,64.2,Actividades de sociedades holding y de sociedades instrumentales de financiación,3
64.9,"Otros servicios financieros, excepto seguros y fondos de pensiones",64.2,Actividades de sociedades holding y de sociedades instrumentales de financiación,3
64.20,Actividades de las sociedades holding,64.21,Actividades de sociedades holding,4
64.20,Actividades de las sociedades holding,64.22,Actividades de sociedades instrumentales de financiación,4
64.99,"Otros servicios financieros, excepto seguros y fondos de pensiones n.c.o.p.",64.22,Actividades de sociedades instrumentales de financiación,4
64.3,"Inversión colectiva, fondos y entidades financieras similares",64.3,"Actividades de inversión colectiva, de fondos y de entidades financieras similares",3
64.30,"Inversión colectiva, fondos y entidades financieras similares",64.31,Actividades de fondos de inversión monetarios y no monetarios,4
64.30,"Inversión colectiva, fondos y entidades financieras similares",64.32,"Actividades de cuentas fiduciarias, patrimoniales y de agencia",4
64.9,"Otros servicios financieros, excepto seguros y fondos de pensiones",64.9,"Otros servicios financieros, excepto seguros y fondos de pensiones",3
64.91,Arrendamiento financiero,64.91,Arrendamiento financiero,4
64.92,Otras actividades crediticias,64.92,Otras actividades crediticias,4
64.99,"Otros servicios financieros, excepto seguros y fondos de pensiones n.c.o.p.",64.92,Otras actividades crediticias,4
64.99,"Otros servicios financieros, excepto seguros y fondos de pensiones n.c.o.p.",64.99,"Otros servicios financieros, excepto seguros y fondos de pensiones n.c.o.p.",4
65,"Seguros, reaseguros y fondos de pensiones, excepto Seguridad Social obligatoria",65,"Seguros, reaseguros y planes de pensiones, excepto seguridad social obligatoria",2
65.1,Seguros,65.1,Seguros,3
65.11,Seguros de vida,65.11,Seguros de vida,4
65.12,Seguros distintos de los seguros de vida,65.12,Seguros distintos de los seguros de vida,4
65.2,Reaseguros,65.2,Reaseguros,3
65.20,Reaseguros,65.20,Reaseguros,4
65.3,Fondos de pensiones,65.3,Fondos de pensiones,3
65.30,Fondos de pensiones,65.30,Fondos de pensiones,4
66,Actividades auxiliares a los servicios financieros y a los seguros,66,Actividades auxiliares a los servicios financieros y a los seguros,2
66.1,"Actividades auxiliares a los servicios financieros, excepto seguros y fondos de pensiones",66.1,"Actividades auxiliares a los servicios financieros, excepto seguros y fondos de pensiones",3
66.11,Administración de mercados financieros,66.11,Administración de mercados financieros,4
66.12,Actividades de intermediación en operaciones con valores y otros activos,66.13,Actividades de financiación participativa,4
66.12,Actividades de intermediación en operaciones con valores y otros activos,66.14,Otras actividades de intermediación en operaciones con valores y otros activos,4
66.19,"Otras actividades auxiliares a los servicios financieros, excepto seguros y fondos de pensiones",66.19,"Otras actividades auxiliares a los servicios financieros, excepto seguros y fondos de pensiones",4
66.2,Actividades auxiliares a seguros y fondos de pensiones,66.2,Actividades auxiliares a seguros y fondos de pensiones,3
66.21,Evaluación de riesgos y daños,66.21,Evaluación de riesgos y daños,4
66.22,Actividades de agentes y corredores de seguros,66.22,Actividades de agentes y corredores de seguros,4
66.29,Otras actividades auxiliares a seguros y fondos de pensiones,66.29,Actividades auxiliares a seguros y fondos de pensiones n.c.o.p.,4
66.1,"Actividades auxiliares a los servicios financieros, excepto seguros y fondos de pensiones",66.3,Actividades de gestión de fondos,3
66.3,Actividades de gestión de fondos,66.3,Actividades de gestión de fondos,3
66.19,"Otras actividades auxiliares a los servicios financieros, excepto seguros y fondos de pensiones",66.30,Actividades de gestión de fondos,4
66.30,Actividades de gestión de fondos,66.30,Actividades de gestión de fondos,4
41,Construcción de edificios,68,Actividades inmobiliarias ,2
42,Ingeniería civil,68,Actividades inmobiliarias ,2
68,Actividades inmobiliarias,68,Actividades inmobiliarias ,2
82,Actividades administrativas de oficina y otras actividades auxiliares a las empresas,68,Actividades inmobiliarias ,2
41.1,Promoción inmobiliaria,68.1,Actividades inmobiliarias por cuenta propia y promoción inmobiliaria,3
42.9,Construcción de otros proyectos de ingeniería civil,68.1,Actividades inmobiliarias por cuenta propia y promoción inmobiliaria,3
68.1,Compraventa de bienes inmobiliarios por cuenta propia,68.1,Actividades inmobiliarias por cuenta propia y promoción inmobiliaria,3
68.10,Compraventa de bienes inmobiliarios por cuenta propia,68.11,Compraventa de bienes inmobiliarios por cuenta propia,4
41.10,Promoción inmobiliaria,68.12,Promoción inmobiliaria,4
42.99,Construcción de otros proyectos de ingeniería civil n.c.o.p.,68.12,Promoción inmobiliaria,4
68.2,Alquiler de bienes inmobiliarios por cuenta propia,68.2,Alquiler de bienes inmobiliarios por cuenta propia,3
82.1,Actividades administrativas y auxiliares de oficina,68.2,Alquiler de bienes inmobiliarios por cuenta propia,3
68.20,Alquiler de bienes inmobiliarios por cuenta propia,68.20,Alquiler de bienes inmobiliarios por cuenta propia,4
82.11,Servicios administrativos combinados,68.20,Alquiler de bienes inmobiliarios por cuenta propia,4
68.3,Actividades inmobiliarias por cuenta de terceros,68.3,Actividades inmobiliarias por cuenta de terceros,3
68.31,Agentes de la propiedad inmobiliaria,68.31,Servicios de intermediación para actividades inmobiliarias,4
68.31,Agentes de la propiedad inmobiliaria,68.32,Otras actividades inmobiliarias por cuenta de terceros,4
68.32,Gestión y administración de la propiedad inmobiliaria,68.32,Otras actividades inmobiliarias por cuenta de terceros,4
69,Actividades jurídicas y de contabilidad,69,Actividades jurídicas y de contabilidad,2
69.1,Actividades jurídicas,69.1,Actividades jurídicas,3
69.10,Actividades jurídicas,69.10,Actividades jurídicas,4
69.2,"Actividades de contabilidad, teneduría de libros, auditoría y asesoría fiscal",69.2,"Actividades de contabilidad, teneduría de libros, auditoría y asesoría fiscal",3
69.20,"Actividades de contabilidad, teneduría de libros, auditoría y asesoría fiscal",69.20,"Actividades de contabilidad, teneduría de libros, auditoría y asesoría fiscal",4
70,Actividades de las sedes centrales; actividades de consultoría de gestión empresarial,70,Actividades de las sedes centrales y consultoría de gestión empresarial,2
70.1,Actividades de las sedes centrales,70.1,Actividades de las sedes centrales,3
70.10,Actividades de las sedes centrales,70.10,Actividades de las sedes centrales,4
70.2,Actividades de consultoría de gestión empresarial,70.2,Otras actividades de consultoría de gestión empresarial,3
70.22,Otras actividades de consultoría de gestión empresarial,70.20,Otras actividades de consultoría de gestión empresarial,4
71,Servicios técnicos de arquitectura e ingeniería; ensayos y análisis técnicos,71,Servicios técnicos de arquitectura e ingeniería; ensayos y análisis técnicos,2
71.1,Servicios técnicos de arquitectura e ingeniería y otras actividades relacionadas con el asesoramiento técnico,71.1,Servicios técnicos de arquitectura e ingeniería y otras actividades relacionadas con el asesoramiento técnico,3
71.11,Servicios técnicos de arquitectura,71.11,Servicios técnicos de arquitectura,4
71.12,Servicios técnicos de ingeniería y otras actividades relacionadas con el asesoramiento técnico,71.12,Servicios técnicos de ingeniería y otras actividades relacionadas con el asesoramiento técnico,4
71.2,Ensayos y análisis técnicos,71.2,Ensayos y análisis técnicos,3
71.20,Ensayos y análisis técnicos,71.20,Ensayos y análisis técnicos,4
72,Investigación y desarrollo,72,Investigación y desarrollo,2
72.1,Investigación y desarrollo experimental en ciencias naturales y técnicas,72.1,Investigación y desarrollo experimental en ciencias naturales y técnicas,3
72.11,Investigación y desarrollo experimental en biotecnología,72.10,Investigación y desarrollo experimental en ciencias naturales y técnicas,4
72.19,Otra investigación y desarrollo experimental en ciencias naturales y técnicas,72.10,Investigación y desarrollo experimental en ciencias naturales y técnicas,4
72.2,Investigación y desarrollo experimental en ciencias sociales y humanidades,72.2,Investigación y desarrollo experimental en ciencias sociales y humanidades,3
72.20,Investigación y desarrollo experimental en ciencias sociales y humanidades,72.20,Investigación y desarrollo experimental en ciencias sociales y humanidades,4
70,Actividades de las sedes centrales; actividades de consultoría de gestión empresarial,73,"Actividades de publicidad, estudios de mercado, relaciones públicas y comunicación ",2
73,Publicidad y estudios de mercado,73,"Actividades de publicidad, estudios de mercado, relaciones públicas y comunicación ",2
73.1,Publicidad,73.1,Publicidad,3
73.11,Agencias de publicidad,73.11,Actividades de las agencias de publicidad,4
73.12,Servicios de representación de medios de comunicación,73.12,Servicios de representación de medios de comunicación,4
73.2,Estudio de mercado y realización de encuestas de opinión pública,73.2,Estudios de mercado y realización de encuestas de opinión pública,3
73.20,Estudio de mercado y realización de encuestas de opinión pública,73.20,Estudios de mercado y realización de encuestas de opinión pública,4
70.2,Actividades de consultoría de gestión empresarial,73.3,Relaciones públicas y comunicación,3
70.21,Relaciones públicas y comunicación,73.30,Relaciones públicas y comunicación,4
74,"Otras actividades profesionales, científicas y técnicas",74,"Otras actividades profesionales, científicas y técnicas",2
74.1,Actividades de diseño especializado,74.1,Actividades de diseño especializado,3
74.10,Actividades de diseño especializado,74.11,Actividades de diseño de productos industriales y moda,4
74.10,Actividades de diseño especializado,74.12,Actividades de diseño gráfico y de comunicación visual,4
74.10,Actividades de diseño especializado,74.13,Actividades de diseño de interiores,4
74.10,Actividades de diseño especializado,74.14,Otras actividades de diseño especializado,4
74.2,Actividades de fotografía,74.2,Actividades de fotografía,3
74.20,Actividades de fotografía,74.20,Actividades de fotografía,4
74.3,Actividades de traducción e interpretación,74.3,Actividades de traducción e interpretación,3
74.30,Actividades de traducción e interpretación,74.30,Actividades de traducción e interpretación,4
74.9,"Otras actividades profesionales, científicas y técnicas n.c.o.p.",74.9,"Otras actividades profesionales, científicas y técnicas n.c.o.p.",3
74.90,"Otras actividades profesionales, científicas y técnicas n.c.o.p.",74.91,Actividades de los agentes de patentes y de los servicios de marketing,4
74.90,"Otras actividades profesionales, científicas y técnicas n.c.o.p.",74.99,"Todas las demás actividades profesionales, científicas y técnicas n.c.o.p.",4
75,Actividades veterinarias,75,Actividades veterinarias,2
75.0,Actividades veterinarias,75.0,Actividades veterinarias,3
75.00,Actividades veterinarias,75.00,Actividades veterinarias,4
77,Actividades de alquiler,77,Actividades de alquiler,2
79,"Actividades de agencias de viajes, operadores turísticos, servicios de reservas y actividades relacionadas con los mismos",77,Actividades de alquiler,2
82,Actividades administrativas de oficina y otras actividades auxiliares a las empresas,77,Actividades de alquiler,2
77.1,Alquiler de vehículos de motor,77.1,Alquiler de vehículos de motor,3
77.3,"Alquiler de otra maquinaria, equipos y bienes tangibles",77.1,Alquiler de vehículos de motor,3
77.11,Alquiler de automóviles y vehículos de motor ligeros,77.11,Alquiler de automóviles y vehículos de motor ligeros,4
77.12,Alquiler de camiones,77.11,Alquiler de automóviles y vehículos de motor ligeros,4
77.39,"Alquiler de otra maquinaria, equipos y bienes tangibles n.c.o.p.",77.11,Alquiler de automóviles y vehículos de motor ligeros,4
77.12,Alquiler de camiones,77.12,Alquiler de camiones,4
77.39,"Alquiler de otra maquinaria, equipos y bienes tangibles n.c.o.p.",77.12,Alquiler de camiones,4
77.2,Alquiler de efectos personales y artículos de uso doméstico,77.2,Alquiler de efectos personales y artículos de uso doméstico,3
77.21,Alquiler de artículos de ocio y deportivos,77.21,Alquiler de artículos de ocio y deportivos,4
77.22,Alquiler de cintas de vídeo y discos,77.22,Alquiler de efectos personales y artículos de uso doméstico,4
77.29,Alquiler de otros efectos personales y artículos de uso doméstico,77.22,Alquiler de efectos personales y artículos de uso doméstico,4
77.3,"Alquiler de otra maquinaria, equipos y bienes tangibles",77.3,"Alquiler de otra maquinaria, equipos y bienes tangibles",3
77.31,Alquiler de maquinaria y equipo de uso agrícola,77.31,Alquiler de maquinaria y equipo de uso agrícola,4
77.32,Alquiler de maquinaria y equipo para la construcción e ingeniería civil,77.32,Alquiler de maquinaria y equipo para la construcción e ingeniería civil,4
77.33,"Alquiler de maquinaria y equipo de oficina, incluidos ordenadores",77.33,Alquiler de maquinaria y equipo de oficina y ordenadores,4
77.34,Alquiler de medios de navegación,77.34,Alquiler de medios de navegación,4
77.35,Alquiler de medios de transporte aéreo,77.35,Alquiler de medios de transporte aéreo,4
77.39,"Alquiler de otra maquinaria, equipos y bienes tangibles n.c.o.p.",77.39,"Alquiler de otra maquinaria, equipos y bienes tangibles n.c.o.p.",4
77.4,"Arrendamiento de la propiedad intelectual y productos similares, excepto trabajos protegidos por los derechos de autor",77.4,"Arrendamiento de la propiedad intelectual y productos similares, excepto obras protegidas por derechos de autor",3
77.40,"Arrendamiento de la propiedad intelectual y productos similares, excepto trabajos protegidos por los derechos de autor",77.40,"Arrendamiento de la propiedad intelectual y productos similares, excepto obras protegidas por derechos de autor",4
79.1,Actividades de agencias de viajes y operadores turísticos,77.5,Servicios de intermediación para el alquiler de bienes tangibles y de activos intangibles no financieros,3
79.9,Otros servicios de reservas y actividades relacionadas con los mismos,77.5,Servicios de intermediación para el alquiler de bienes tangibles y de activos intangibles no financieros,3
82.9,Actividades de apoyo a las empresas n.c.o.p.,77.5,Servicios de intermediación para el alquiler de bienes tangibles y de activos intangibles no financieros,3
79.11,Actividades de las agencias de viajes,77.51,"Servicios de intermediación para el alquiler de automóviles, autocaravanas y remolques",4
79.90,Otros servicios de reservas y actividades relacionadas con los mismos,77.51,"Servicios de intermediación para el alquiler de automóviles, autocaravanas y remolques",4
82.99,Otras actividades de apoyo a las empresas n.c.o.p.,77.51,"Servicios de intermediación para el alquiler de automóviles, autocaravanas y remolques",4
82.99,Otras actividades de apoyo a las empresas n.c.o.p.,77.52,Servicios de intermediación para el alquiler de otros bienes tangibles y de activos intangibles no financieros,4
78,Actividades relacionadas con el empleo,78,Actividades relacionadas con el empleo,2
78.1,Actividades de las agencias de colocación,78.1,Actividades de las agencias de colocación,3
78.10,Actividades de las agencias de colocación,78.10,Actividades de las agencias de colocación,4
78.2,Actividades de las empresas de trabajo temporal,78.2,Actividades de las empresas de trabajo temporal y otra provisión de recursos humanos,3
78.3,Otra provisión de recursos humanos,78.2,Actividades de las empresas de trabajo temporal y otra provisión de recursos humanos,3
78.20,Actividades de las empresas de trabajo temporal,78.20,Actividades de las empresas de trabajo temporal y otra provisión de recursos humanos,4
78.30,Otra provisión de recursos humanos,78.20,Actividades de las empresas de trabajo temporal y otra provisión de recursos humanos,4
79,"Actividades de agencias de viajes, operadores turísticos, servicios de reservas y actividades relacionadas con los mismos",79,"Actividades de agencias de viajes, operadores turísticos, servicios de reservas y actividades relacionadas ",2
79.1,Actividades de agencias de viajes y operadores turísticos,79.1,Actividades de agencias de viajes y operadores turísticos,3
79.11,Actividades de las agencias de viajes,79.11,Actividades de las agencias de viajes,4
79.12,Actividades de los operadores turísticos,79.12,Actividades de los operadores turísticos,4
79.9,Otros servicios de reservas y actividades relacionadas con los mismos,79.9,Otros servicios de reservas y actividades relacionadas con los mismos,3
79.90,Otros servicios de reservas y actividades relacionadas con los mismos,79.90,Otros servicios de reservas y actividades relacionadas con los mismos,4
74,"Otras actividades profesionales, científicas y técnicas",80,Servicios de investigación y seguridad,2
80,Actividades de seguridad e investigación,80,Servicios de investigación y seguridad,2
74.9,"Otras actividades profesionales, científicas y técnicas n.c.o.p.",80.0,Servicios de investigación y seguridad,3
80.1,Actividades de seguridad privada,80.0,Servicios de investigación y seguridad,3
80.2,Servicios de sistemas de seguridad,80.0,Servicios de investigación y seguridad,3
80.3,Actividades de investigación,80.0,Servicios de investigación y seguridad,3
80.10,Actividades de seguridad privada,80.01,Servicios de investigación y seguridad privados,4
80.30,Actividades de investigación,80.01,Servicios de investigación y seguridad privados,4
74.90,"Otras actividades profesionales, científicas y técnicas n.c.o.p.",80.09,Servicios de seguridad n.c.o.p.,4
80.20,Servicios de sistemas de seguridad,80.09,Servicios de seguridad n.c.o.p.,4
43,Actividades de construcción especializada,81,Servicios a edificios y actividades de jardinería,2
81,Servicios a edificios y actividades de jardinería,81,Servicios a edificios y actividades de jardinería,2
81.1,Servicios integrales a edificios e instalaciones,81.1,Servicios integrales a edificios e instalaciones,3
81.10,Servicios integrales a edificios e instalaciones,81.10,Servicios integrales a edificios e instalaciones,4
43.3,Acabado de edificios,81.2,Actividades de limpieza,3
43.9,Otras actividades de construcción especializada,81.2,Actividades de limpieza,3
81.2,Actividades de limpieza,81.2,Actividades de limpieza,3
81.21,Limpieza general de edificios,81.21,Limpieza general de edificios,4
43.39,Otro acabado de edificios,81.22,Otras actividades de limpieza industrial y de edificios,4
43.99,Otras actividades de construcción especializada n.c.o.p.,81.22,Otras actividades de limpieza industrial y de edificios,4
81.22,Otras actividades de limpieza industrial y de edificios,81.22,Otras actividades de limpieza industrial y de edificios,4
81.29,Otras actividades de limpieza,81.23,Otras actividades de limpieza,4
81.3,Actividades de jardinería,81.3,Actividades de jardinería,3
81.30,Actividades de jardinería,81.30,Actividades de jardinería,4
79,"Actividades de agencias de viajes, operadores turísticos, servicios de reservas y actividades relacionadas con los mismos",82,Actividades administrativas de oficina y otras actividades auxiliares a las empresas,2
82,Actividades administrativas de oficina y otras actividades auxiliares a las empresas,82,Actividades administrativas de oficina y otras actividades auxiliares a las empresas,2
82.1,Actividades administrativas y auxiliares de oficina,82.1,Actividades administrativas y auxiliares de oficina,3
82.11,Servicios administrativos combinados,82.10,Actividades administrativas y auxiliares de oficina,4
82.19,"Actividades de fotocopiado, preparación de documentos y otras actividades especializadas de oficina",82.10,Actividades administrativas y auxiliares de oficina,4
82.2,Actividades de los centros de llamadas,82.2,Actividades de los centros de llamadas,3
82.20,Actividades de los centros de llamadas,82.20,Actividades de los centros de llamadas,4
82.3,Organización de convenciones y ferias de muestras,82.3,Organización de convenciones y ferias de muestras,3
82.30,Organización de convenciones y ferias de muestras,82.30,Organización de convenciones y ferias de muestras,4
79.9,Otros servicios de reservas y actividades relacionadas con los mismos,82.4,Actividades de intermediación para servicios de apoyo a las empresas n.c.o.p.,3
82.9,Actividades de apoyo a las empresas n.c.o.p.,82.4,Actividades de intermediación para servicios de apoyo a las empresas n.c.o.p.,3
79.90,Otros servicios de reservas y actividades relacionadas con los mismos,82.40,Actividades de intermediación para servicios de apoyo a las empresas n.c.o.p.,4
82.99,Otras actividades de apoyo a las empresas n.c.o.p.,82.40,Actividades de intermediación para servicios de apoyo a las empresas n.c.o.p.,4
82.9,Actividades de apoyo a las empresas n.c.o.p.,82.9,Otras actividades de apoyo a las empresas n.c.o.p.,3
82.91,Actividades de las agencias de cobros y de información comercial,82.91,Actividades de las agencias de cobros y de las oficinas de crédito,4
82.99,Otras actividades de apoyo a las empresas n.c.o.p.,82.91,Actividades de las agencias de cobros y de las oficinas de crédito,4
82.92,Actividades de envasado y empaquetado,82.92,Actividades de envasado y empaquetado,4
82.99,Otras actividades de apoyo a las empresas n.c.o.p.,82.99,Otras actividades de apoyo a las empresas n.c.o.p.,4
84,Administración Pública y defensa; Seguridad Social obligatoria,84,Administración pública y defensa; seguridad social obligatoria,2
93,"Actividades deportivas, recreativas y de entretenimiento",84,Administración pública y defensa; seguridad social obligatoria,2
84.1,Administración Pública y de la política económica y social,84.1,"Administración pública y de la política económica, social y medioambiental",3
84.11,Actividades generales de la Administración Pública,84.11,Actividades generales de la administración pública,4
84.12,"Regulación de las actividades sanitarias, educativas y culturales y otros servicios sociales, excepto Seguridad Social",84.12,"Regulación de los servicios sanitarios, educativos y culturales y otros servicios sociales",4
84.13,Regulación de la actividad económica y contribución a su mayor eficiencia,84.13,Regulación de la actividad económica y contribución a su mayor eficiencia,4
84.2,Prestación de servicios a la comunidad en general,84.2,Prestación de servicios a la comunidad en general,3
93.2,Actividades recreativas y de entretenimiento,84.2,Prestación de servicios a la comunidad en general,3
84.21,Asuntos exteriores,84.21,Asuntos exteriores,4
84.22,Defensa,84.22,Defensa,4
84.23,Justicia,84.23,Justicia,4
84.24,Orden público y seguridad,84.24,Orden público y seguridad,4
84.25,Protección civil,84.25,Servicios de extinción de incendios,4
93.29,Otras actividades recreativas y de entretenimiento,84.25,Servicios de extinción de incendios,4
84.3,Seguridad Social obligatoria,84.3,Seguridad social obligatoria,3
84.30,Seguridad Social obligatoria,84.30,Seguridad social obligatoria,4
82,Actividades administrativas de oficina y otras actividades auxiliares a las empresas,85,Educación,2
85,Educación,85,Educación,2
88,Actividades de servicios sociales sin alojamiento,85,Educación,2
85.1,Educación preprimaria,85.1,Educación preprimaria,3
88.9,Otros actividades de servicios sociales sin alojamiento,85.1,Educación preprimaria,3
85.10,Educación preprimaria,85.10,Educación preprimaria,4
88.91,Actividades de cuidado diurno de niños,85.10,Educación preprimaria,4
85.2,Educación primaria,85.2,Educación primaria,3
85.20,Educación primaria,85.20,Educación primaria,4
85.3,Educación secundaria,85.3,Educación secundaria y educación postsecundaria no terciaria,3
85.4,Educación postsecundaria,85.3,Educación secundaria y educación postsecundaria no terciaria,3
85.31,Educación secundaria general,85.31,Educación secundaria general,4
85.32,Educación secundaria técnica y profesional,85.32,Educación secundaria profesional,4
85.41,Educación postsecundaria no terciaria,85.33,Educación postsecundaria no terciaria,4
85.4,Educación postsecundaria,85.4,Educación terciaria,3
85.43,Educación universitaria,85.41,Educación universitaria,4
85.44,Educación terciaria no universitaria,85.42,Educación terciaria no universitaria,4
85.5,Otra educación,85.5,Otra educación,3
85.51,Educación deportiva y recreativa,85.51,Educación deportiva y recreativa,4
85.52,Educación cultural,85.52,Educación cultural,4
85.53,Actividades de las escuelas de conducción y pilotaje,85.53,Actividades de las escuelas de conducción y pilotaje,4
85.59,Otra educación n.c.o.p.,85.59,Otra educación n.c.o.p.,4
82.9,Actividades de apoyo a las empresas n.c.o.p.,85.6,Actividades auxiliares a la educación,3
85.6,Actividades auxiliares a la educación,85.6,Actividades auxiliares a la educación,3
82.99,Otras actividades de apoyo a las empresas n.c.o.p.,85.61,Actividades de servicios de intermediación para cursos y tutores,4
85.60,Actividades auxiliares a la educación,85.69,Actividades auxiliares a la educación n.c.o.p.,4
82,Actividades administrativas de oficina y otras actividades auxiliares a las empresas,86,Actividades sanitarias,2
86,Actividades sanitarias,86,Actividades sanitarias,2
86.1,Actividades hospitalarias,86.1,Actividades hospitalarias,3
86.10,Actividades hospitalarias,86.10,Actividades hospitalarias,4
86.2,Actividades médicas y odontológicas,86.2,Actividades médicas y odontológicas,3
86.21,Actividades de medicina general,86.21,Actividades de medicina general y de medicina familiar y comunitaria,4
86.22,Actividades de medicina especializada,86.22,Actividades de otras especialidades médicas,4
86.23,Actividades odontológicas,86.23,Actividades odontológicas,4
82.9,Actividades de apoyo a las empresas n.c.o.p.,86.9,Otras actividades sanitarias,3
86.9,Otras actividades sanitarias,86.9,Otras actividades sanitarias,3
86.90,Otras actividades sanitarias,86.91,Servicios de diagnóstico por la imagen y actividades de laboratorio médico,4
86.90,Otras actividades sanitarias,86.92,Transporte de pacientes en ambulancia,4
86.90,Otras actividades sanitarias,86.93,"Actividades de psicólogos y psicoterapeutas, excepto médicos",4
86.90,Otras actividades sanitarias,86.94,Actividades de enfermería y enfermería obstétrica,4
86.90,Otras actividades sanitarias,86.95,Actividades de fisioterapia,4
86.90,Otras actividades sanitarias,86.96,"Actividades de medicina tradicional, complementaria y alternativa",4
82.99,Otras actividades de apoyo a las empresas n.c.o.p.,86.97,"Actividades de intermediación para servicios médicos, odontológicos y otros servicios sanitarios",4
86.90,Otras actividades sanitarias,86.99,Otras actividades sanitarias n.c.o.p.,4
82,Actividades administrativas de oficina y otras actividades auxiliares a las empresas,87,Asistencia en establecimientos residenciales,2
87,Asistencia en establecimientos residenciales,87,Asistencia en establecimientos residenciales,2
87.1,Asistencia en establecimientos residenciales con cuidados sanitarios,87.1,Asistencia en establecimientos residenciales con cuidados sanitarios,3
87.10,Asistencia en establecimientos residenciales con cuidados sanitarios,87.10,Asistencia en establecimientos residenciales con cuidados sanitarios,4
87.2,"Asistencia en establecimientos residenciales para personas con discapacidad intelectual, enfermedad mental y drogodependencia",87.2,Asistencia en establecimientos residenciales para personas que padecen una enfermedad mental o una drogodependencia o que han recibido un diagnóstico al respecto,3
87.20,"Asistencia en establecimientos residenciales para personas con discapacidad intelectual, enfermedad mental y drogodependencia",87.20,Asistencia en establecimientos residenciales para personas que padecen una enfermedad mental o una drogodependencia o que han recibido un diagnóstico al respecto,4
87.3,Asistencia en establecimientos residenciales para personas mayores y con discapacidad física,87.3,Asistencia en establecimientos residenciales para personas mayores o con discapacidad física,3
87.31,Asistencia en establecimientos residenciales para personas mayores,87.31,Asistencia en establecimientos residenciales para personas mayores ,4
87.32,Asistencia en establecimientos residenciales para personas con discapacidad física,87.32,Asistencia en establecimientos residenciales para personas con discapacidad física,4
82.9,Actividades de apoyo a las empresas n.c.o.p.,87.9,Otras actividades de asistencia en establecimientos residenciales,3
87.9,Otras actividades de asistencia en establecimientos residenciales,87.9,Otras actividades de asistencia en establecimientos residenciales,3
82.99,Otras actividades de apoyo a las empresas n.c.o.p.,87.91,Servicios de intermediación para actividades de asistencia en establecimientos residenciales,4
87.90,Otras actividades de asistencia en establecimientos residenciales,87.99,Otro tipo de asistencia en establecimientos residenciales n.c.o.p.,4
88,Actividades de servicios sociales sin alojamiento,88,Actividades de servicios sociales sin alojamiento,2
88.1,Actividades de servicios sociales sin alojamiento para personas mayores y con discapacidad,88.1,Actividades de servicios sociales sin alojamiento para personas mayores o con discapacidad,3
88.11,Actividades de servicios sociales sin alojamiento para personas mayores,88.11,Actividades de servicios sociales sin alojamiento para personas mayores ,4
88.12,Actividades de servicios sociales sin alojamiento para personas con discapacidad,88.12,Actividades de servicios sociales sin alojamiento para personas con discapacidad,4
88.9,Otros actividades de servicios sociales sin alojamiento,88.9,Otras actividades de servicios sociales sin alojamiento,3
88.91,Actividades de cuidado diurno de niños,88.91,Actividades de cuidado diurno de niños,4
88.99,Otros actividades de servicios sociales sin alojamiento n.c.o.p.,88.99,Otras actividades de servicios sociales sin alojamiento n.c.o.p.,4
90,"Actividades de creación, artísticas y espectáculos",90,Actividades de creación artística y artes escénicas,2
90.0,"Actividades de creación, artísticas y espectáculos",90.1,Actividades de creación artística,3
90.03,Creación artística y literaria,90.11,Actividades de creación literaria y composición musical,4
90.03,Creación artística y literaria,90.12,Actividades de creación de artes visuales,4
90.03,Creación artística y literaria,90.13,Otras actividades de creación artística,4
90.0,"Actividades de creación, artísticas y espectáculos",90.2,Actividades de artes escénicas,3
90.01,Artes escénicas,90.20,Actividades de artes escénicas,4
90.0,"Actividades de creación, artísticas y espectáculos",90.3,Actividades de apoyo a la creación artística y a las artes escénicas,3
90.04,Gestión de salas de espectáculos,90.31,Gestión de instalaciones para actividades artísticas y artes escénicas,4
90.02,Actividades auxiliares a las artes escénicas,90.39,Otras actividades de apoyo a la creación artística y a las artes escénicas,4
33,Reparación e instalación de maquinaria y equipo,91,"Actividades de bibliotecas, archivos, museos y otras actividades culturales",2
41,Construcción de edificios,91,"Actividades de bibliotecas, archivos, museos y otras actividades culturales",2
90,"Actividades de creación, artísticas y espectáculos",91,"Actividades de bibliotecas, archivos, museos y otras actividades culturales",2
91,"Actividades de bibliotecas, archivos, museos y otras actividades culturales",91,"Actividades de bibliotecas, archivos, museos y otras actividades culturales",2
91.0,"Actividades de bibliotecas, archivos, museos y otras actividades culturales",91.1,Actividades de bibliotecas y archivos,3
91.05,Actividades de bibliotecas,91.11,Actividades de bibliotecas,4
91.06,Actividades de archivos,91.12,Actividades de archivos,4
91.0,"Actividades de bibliotecas, archivos, museos y otras actividades culturales",91.2,"Actividades de museos, colecciones de arte, sitios históricos y monumentos",3
91.02,Actividades de museos,91.21,Actividades de museos y de colecciones ,4
91.03,Gestión de lugares y edificios históricos,91.22,Actividades de sitios históricos y monumentos,4
33.1,"Reparación de productos metálicos, maquinaria y equipo",91.3,"Conservación, restauración y otras actividades de apoyo al patrimonio cultural",3
41.2,Construcción de edificios,91.3,"Conservación, restauración y otras actividades de apoyo al patrimonio cultural",3
90.0,"Actividades de creación, artísticas y espectáculos",91.3,"Conservación, restauración y otras actividades de apoyo al patrimonio cultural",3
33.19,Reparación de otros equipos,91.30,"Conservación, restauración y otras actividades de apoyo al patrimonio cultural",4
41.21,Construcción de edificios residenciales,91.30,"Conservación, restauración y otras actividades de apoyo al patrimonio cultural",4
41.22,Construcción de edificios no residenciales,91.30,"Conservación, restauración y otras actividades de apoyo al patrimonio cultural",4
90.03,Creación artística y literaria,91.30,"Conservación, restauración y otras actividades de apoyo al patrimonio cultural",4
91.0,"Actividades de bibliotecas, archivos, museos y otras actividades culturales",91.4,"Actividades de los jardines botánicos, parques zoológicos y reservas naturales",3
91.04,"Actividades de los jardines botánicos, parques zoológicos y reservas naturales",91.41,Actividades de los jardines botánicos y los parques zoológicos ,4
91.04,"Actividades de los jardines botánicos, parques zoológicos y reservas naturales",91.42,Actividades de las reservas naturales,4
92,Actividades de juegos de azar y apuestas,92,Actividades de juegos de azar y apuestas,2
92.0,Actividades de juegos de azar y apuestas,92.0,Actividades de juegos de azar y apuestas,3
92.00,Actividades de juegos de azar y apuestas,92.00,Actividades de juegos de azar y apuestas,4
82,Actividades administrativas de oficina y otras actividades auxiliares a las empresas,93,"Actividades deportivas, recreativas y de entretenimiento",2
85,Educación,93,"Actividades deportivas, recreativas y de entretenimiento",2
93,"Actividades deportivas, recreativas y de entretenimiento",93,"Actividades deportivas, recreativas y de entretenimiento",2
85.5,Otra educación,93.1,Actividades deportivas,3
93.1,Actividades deportivas,93.1,Actividades deportivas,3
93.2,Actividades recreativas y de entretenimiento,93.1,Actividades deportivas,3
93.11,Gestión de instalaciones deportivas,93.11,Gestión de instalaciones deportivas,4
93.29,Otras actividades recreativas y de entretenimiento,93.11,Gestión de instalaciones deportivas,4
93.11,Gestión de instalaciones deportivas,93.12,Actividades de los clubes deportivos,4
93.12,Actividades de los clubes deportivos,93.12,Actividades de los clubes deportivos,4
93.29,Otras actividades recreativas y de entretenimiento,93.12,Actividades de los clubes deportivos,4
85.51,Educación deportiva y recreativa,93.13,Actividades de los centros deportivos,4
93.13,Actividades de los gimnasios,93.13,Actividades de los centros deportivos,4
93.19,Otras actividades deportivas,93.19,Actividades deportivas n.c.o.p.,4
93.29,Otras actividades recreativas y de entretenimiento,93.19,Actividades deportivas n.c.o.p.,4
82.3,Organización de convenciones y ferias de muestras,93.2,Otras actividades recreativas y de entretenimiento,3
93.1,Actividades deportivas,93.2,Otras actividades recreativas y de entretenimiento,3
93.2,Actividades recreativas y de entretenimiento,93.2,Otras actividades recreativas y de entretenimiento,3
93.21,Actividades de los parques de atracciones y los parques temáticos,93.21,Actividades de los parques de atracciones y los parques temáticos,4
82.30,Organización de convenciones y ferias de muestras,93.29,Actividades recreativas y de entretenimiento n.c.o.p.,4
93.11,Gestión de instalaciones deportivas,93.29,Actividades recreativas y de entretenimiento n.c.o.p.,4
93.19,Otras actividades deportivas,93.29,Actividades recreativas y de entretenimiento n.c.o.p.,4
93.21,Actividades de los parques de atracciones y los parques temáticos,93.29,Actividades recreativas y de entretenimiento n.c.o.p.,4
93.29,Otras actividades recreativas y de entretenimiento,93.29,Actividades recreativas y de entretenimiento n.c.o.p.,4
94,Actividades asociativas,94,Actividades asociativas,2
94.1,"Actividades de organizaciones empresariales, profesionales y patronales",94.1,"Actividades de organizaciones empresariales, profesionales y patronales",3
94.11,Actividades de organizaciones empresariales y patronales,94.11,Actividades de organizaciones empresariales y patronales,4
94.12,Actividades de organizaciones profesionales,94.12,Actividades de organizaciones profesionales,4
94.2,Actividades sindicales,94.2,Actividades sindicales,3
94.20,Actividades sindicales,94.20,Actividades sindicales,4
94.9,Otras actividades asociativas,94.9,Otras actividades asociativas,3
94.91,Actividades de organizaciones religiosas,94.91,Actividades de organizaciones religiosas,4
94.92,Actividades de organizaciones políticas,94.92,Actividades de organizaciones políticas,4
94.99,Otras actividades asociativas n.c.o.p.,94.99,Otras actividades asociativas n.c.o.p.,4
45,Venta y reparación de vehículos de motor y motocicletas,95,"Reparación y mantenimiento de ordenadores, artículos personales y enseres domésticos y vehículos de motor y motocicletas",2
82,Actividades administrativas de oficina y otras actividades auxiliares a las empresas,95,"Reparación y mantenimiento de ordenadores, artículos personales y enseres domésticos y vehículos de motor y motocicletas",2
95,"Reparación de ordenadores, efectos personales y artículos de uso doméstico",95,"Reparación y mantenimiento de ordenadores, artículos personales y enseres domésticos y vehículos de motor y motocicletas",2
95.1,Reparación de ordenadores y equipos de comunicación,95.1,Reparación y mantenimiento de ordenadores y equipos de comunicación,3
95.11,Reparación de ordenadores y equipos periféricos,95.10,Reparación y mantenimiento de ordenadores y equipos de comunicación,4
95.12,Reparación de equipos de comunicación,95.10,Reparación y mantenimiento de ordenadores y equipos de comunicación,4
95.2,Reparación de efectos personales y artículos de uso doméstico,95.2,Reparación y mantenimiento de efectos personales y artículos de uso doméstico,3
95.21,Reparación de aparatos electrónicos de audio y vídeo de uso doméstico,95.21,Reparación y mantenimiento de aparatos electrónicos de uso doméstico,4
95.22,Reparación de aparatos electrodomésticos y de equipos para el hogar y el jardín,95.22,Reparación y mantenimiento de electrodomésticos y de equipos para el hogar y el jardín,4
95.23,Reparación de calzado y artículos de cuero,95.23,Reparación y mantenimiento de calzado y artículos de cuero,4
95.24,Reparación de muebles y artículos de menaje,95.24,Reparación y mantenimiento de muebles y artículos de menaje,4
95.25,Reparación de relojes y joyería,95.25,Reparación y mantenimiento de relojes y joyería,4
95.29,Reparación de otros efectos personales y artículos de uso doméstico,95.29,Reparación y mantenimiento de efectos personales y artículos de uso doméstico n.c.o.p.,4
45.2,Mantenimiento y reparación de vehículos de motor,95.3,Reparación y mantenimiento de vehículos de motor y motocicletas,3
45.4,"Venta, mantenimiento y reparación de motocicletas y de sus repuestos y accesorios",95.3,Reparación y mantenimiento de vehículos de motor y motocicletas,3
45.20,Mantenimiento y reparación de vehículos de motor,95.31,Reparación y mantenimiento de vehículos de motor,4
45.40,"Venta, mantenimiento y reparación de motocicletas y de sus repuestos y accesorios",95.32,Reparación y mantenimiento de motocicletas,4
82.9,Actividades de apoyo a las empresas n.c.o.p.,95.4,"Actividades de intermediación para reparación y mantenimiento de ordenadores, artículos personales y enseres domésticos y vehículos de motor y motocicletas",3
82.99,Otras actividades de apoyo a las empresas n.c.o.p.,95.40,"Actividades de intermediación para reparación y mantenimiento de ordenadores, artículos personales y enseres domésticos y vehículos de motor y motocicletas",4
81,Servicios a edificios y actividades de jardinería,96,Servicios personales,2
82,Actividades administrativas de oficina y otras actividades auxiliares a las empresas,96,Servicios personales,2
96,Otros servicios personales,96,Servicios personales,2
96.0,Otros servicios personales,96.1,Lavado y limpieza de prendas de tela y de piel,3
96.01,Lavado y limpieza de prendas textiles y de piel,96.10,Lavado y limpieza de prendas de tela y de piel,4
96.0,Otros servicios personales,96.2,"Peluquería, tratamientos de belleza, spas y actividades similares",3
96.02,Peluquería y otros tratamientos de belleza,96.21,Peluquerías y barberías,4
96.02,Peluquería y otros tratamientos de belleza,96.22,Actividades de cuidados de belleza y otras actividades de tratamiento de belleza,4
96.04,Actividades de mantenimiento físico,96.23,"Actividades de spas, saunas y baños turcos",4
96.0,Otros servicios personales,96.3,Pompas fúnebres y actividades relacionadas,3
96.03,Pompas fúnebres y actividades relacionadas,96.30,Pompas fúnebres y actividades relacionadas,4
82.9,Actividades de apoyo a las empresas n.c.o.p.,96.4,Actividades de intermediación para servicios personales,3
82.99,Otras actividades de apoyo a las empresas n.c.o.p.,96.40,Actividades de intermediación para servicios personales,4
81.2,Actividades de limpieza,96.9,Otros servicios personales,3
96.0,Otros servicios personales,96.9,Otros servicios personales,3
81.21,Limpieza general de edificios,96.91,Prestación de servicios personales domésticos,4
96.01,Lavado y limpieza de prendas textiles y de piel,96.91,Prestación de servicios personales domésticos,4
96.09,Otras servicios personales n.c.o.p.,96.99,Otros servicios personales n.c.o.p.,4
97,Actividades de los hogares como empleadores de personal doméstico,97,Actividades de los hogares como empleadores de personal doméstico,2
97.0,Actividades de los hogares como empleadores de personal doméstico,97.0,Actividades de los hogares como empleadores de personal doméstico,3
97.00,Actividades de los hogares como empleadores de personal doméstico,97.00,Actividades de los hogares como empleadores de personal doméstico,4
98,Actividades de los hogares como productores de bienes y servicios para uso propio,98,Actividades de los hogares como productores de bienes y servicios para uso propio,2
98.1,Actividades de los hogares como productores de bienes para uso propio,98.1,Actividades de los hogares como productores de bienes para uso propio,3
98.10,Actividades de los hogares como productores de bienes para uso propio,98.10,Actividades de los hogares como productores de bienes para uso propio,4
98.2,Actividades de los hogares como productores de servicios para uso propio,98.2,Actividades de los hogares como productores de servicios para uso propio,3
98.20,Actividades de los hogares como productores de servicios para uso propio,98.20,Actividades de los hogares como productores de servicios para uso propio,4
99,Actividades de organizaciones y organismos extraterritoriales,99,Actividades de organizaciones y organismos extraterritoriales,2
99.0,Actividades de organizaciones y organismos extraterritoriales,99.0,Actividades de organizaciones y organismos extraterritoriales,3
99.00,Actividades de organizaciones y organismos extraterritoriales,99.00,Actividades de organizaciones y organismos extraterritoriales,4
A,"Agricultura, ganadería, silvicultura y pesca ",A,"AGRICULTURA, GANADERÍA, SILVICULTURA Y PESCA",1
C,Industria manufacturera,A,"AGRICULTURA, GANADERÍA, SILVICULTURA Y PESCA",1
B,Industrias extractivas,B,INDUSTRIAS EXTRACTIVAS,1
C,Industria manufacturera,C,INDUSTRIA MANUFACTURERA,1
E,"Suministro de agua, actividades de saneamiento, gestión de residuos y descontaminación",C,INDUSTRIA MANUFACTURERA,1
M,"Actividades profesionales, científicas y técnicas",C,INDUSTRIA MANUFACTURERA,1
N,Actividades administrativas y servicios auxliares,C,INDUSTRIA MANUFACTURERA,1
D,"Suministro de energía eléctrica, gas, vapor y aire acondicionado",D,"SUMINISTRO DE ENERGIA ELECTRICA, GAS, VAPOR Y AIRE ACONDICIONADO",1
H,Transporte y almacenamiento,D,"SUMINISTRO DE ENERGIA ELECTRICA, GAS, VAPOR Y AIRE ACONDICIONADO",1
E,"Suministro de agua, actividades de saneamiento, gestión de residuos y descontaminación",E,"SUMINISTRO DE AGUA, ACTIVIDADES DE SANEAMIENTO, GESTIÓN DE RESIDUOS Y DESCONTAMINACIÓN",1
F,Construcción,F,CONSTRUCCIÓN,1
N,Actividades administrativas y servicios auxliares,F,CONSTRUCCIÓN,1
G,Comercio al por mayor y al por menor; reparación de vehículos de motor y motocicletas,G,COMERCIO AL POR MAYOR Y AL POR MENOR,1
N,Actividades administrativas y servicios auxliares,G,COMERCIO AL POR MAYOR Y AL POR MENOR,1
H,Transporte y almacenamiento,H,TRANSPORTE Y ALMACENAMIENTO,1
N,Actividades administrativas y servicios auxliares,H,TRANSPORTE Y ALMACENAMIENTO,1
S,Otros servicios,H,TRANSPORTE Y ALMACENAMIENTO,1
I,Hostelería,I,HOSTELERÍA,1
L,Actividades inmobiliarias,I,HOSTELERÍA,1
N,Actividades administrativas y servicios auxliares,I,HOSTELERÍA,1
G,Comercio al por mayor y al por menor; reparación de vehículos de motor y motocicletas,J,"ACTIVIDADES DE EDICIÓN, RADIODIFUSIÓN Y PRODUCCIÓN Y DISTRIBUCIÓN DE CONTENIDOS",1
J,Información y comunicaciones,J,"ACTIVIDADES DE EDICIÓN, RADIODIFUSIÓN Y PRODUCCIÓN Y DISTRIBUCIÓN DE CONTENIDOS",1
H,Transporte y almacenamiento,K,"TELECOMUNICACIONES, PROGRAMACIÓN INFORMÁTICA, CONSULTORÍA, INFRAESTRUCTURA INFORMÁTICA Y OTROS SERVICIOS DE INFORMACIÓN",1
J,Información y comunicaciones,K,"TELECOMUNICACIONES, PROGRAMACIÓN INFORMÁTICA, CONSULTORÍA, INFRAESTRUCTURA INFORMÁTICA Y OTROS SERVICIOS DE INFORMACIÓN",1
N,Actividades administrativas y servicios auxliares,K,"TELECOMUNICACIONES, PROGRAMACIÓN INFORMÁTICA, CONSULTORÍA, INFRAESTRUCTURA INFORMÁTICA Y OTROS SERVICIOS DE INFORMACIÓN",1
K,Actividades financieras y de seguros,L,ACTIVIDADES FINANCIERAS Y DE SEGUROS,1
F,Construcción,M,ACTIVIDADES INMOBILIARIAS,1
L,Actividades inmobiliarias,M,ACTIVIDADES INMOBILIARIAS,1
N,Actividades administrativas y servicios auxliares,M,ACTIVIDADES INMOBILIARIAS,1
M,"Actividades profesionales, científicas y técnicas",N,"ACTIVIDADES PROFESIONALES, CIENTÍFICAS Y TÉCNICAS",1
F,Construcción,O,ACTIVIDADES ADMINISTRATIVAS Y SERVICIOS AUXILIARES,1
M,"Actividades profesionales, científicas y técnicas",O,ACTIVIDADES ADMINISTRATIVAS Y SERVICIOS AUXILIARES,1
N,Actividades administrativas y servicios auxliares,O,ACTIVIDADES ADMINISTRATIVAS Y SERVICIOS AUXILIARES,1
O,Administración Pública y defensa; Seguridad Social obligatoria,P,ADMINISTRACIÓN PÚBLICA Y DEFENSA; SEGURIDAD SOCIAL OBLIGATORIA,1
R,"Actividades artísticas, recreativas y de entrenimiento",P,ADMINISTRACIÓN PÚBLICA Y DEFENSA; SEGURIDAD SOCIAL OBLIGATORIA,1
N,Actividades administrativas y servicios auxliares,Q,EDUCACIÓN,1
P,Educación,Q,EDUCACIÓN,1
Q,Actividades sanitarias y de servicios sociales,Q,EDUCACIÓN,1
N,Actividades administrativas y servicios auxliares,R,ACTIVIDADES SANITARIAS Y DE SERVICIOS SOCIALES,1
Q,Actividades sanitarias y de servicios sociales,R,ACTIVIDADES SANITARIAS Y DE SERVICIOS SOCIALES,1
C,Industria manufacturera,S,"ACTIVIDADES ARTÍSTICAS, DEPORTIVAS Y DE ENTRETENIMIENTO",1
F,Construcción,S,"ACTIVIDADES ARTÍSTICAS, DEPORTIVAS Y DE ENTRETENIMIENTO",1
N,Actividades administrativas y servicios auxliares,S,"ACTIVIDADES ARTÍSTICAS, DEPORTIVAS Y DE ENTRETENIMIENTO",1
P,Educación,S,"ACTIVIDADES ARTÍSTICAS, DEPORTIVAS Y DE ENTRETENIMIENTO",1
R,"Actividades artísticas, recreativas y de entrenimiento",S,"ACTIVIDADES ARTÍSTICAS, DEPORTIVAS Y DE ENTRETENIMIENTO",1
G,Comercio al por mayor y al por menor; reparación de vehículos de motor y motocicletas,T,OTROS SERVICIOS,1
N,Actividades administrativas y servicios auxliares,T,OTROS SERVICIOS,1
S,Otros servicios,T,OTROS SERVICIOS,1
T,Actividades de los hogares como empleadores de personal doméstico; actividades de los hogares como productores de bienes y servicios para uso propio,U,ACTIVIDADES DE LOS HOGARES COMO EMPLEADORES DE PERSONAL DOMÉSTICO Y COMO PRODUCTORES DE BIENES Y SERVICIOS PARA USO PROPIO,1
U,Actividades de organizaciones y organismos extraterritoriales,V,ORGANISMOS EXTRATERRITORIALES,1
